Workbook

Sheet تقييم القادة مايو 2025 - معتمد
A1: Submission ID | B1: Respondent ID | C1: Submitted at | D1: أنا | E1: أود تقييم | F1: مُديري فعّال في توصيل المعلومة والأفكار وإيضاح المهام. | G1: مُديري يحدد الأولويات، ويعيد ترتيب موارد الفريق بانتظام. | H1: مُديري يتخذ قرارات صائبة تصب في مصلحة العمل والفريق. | I1: مُديري يبني ويضع أهداف طموحة وواقعية للقسم والفريق. | J1: هل لديك مرئيات لتطور مديرك حول «الوضوح والأولويات»؟ | K1: مُديري يُمكّن ويحفّز استقلاليتي، وأشعر بثقته العالية بالفريق. | L1: مُديري يحسن في تفويض المهام ومشاركتنا المسؤوليات. | M1: مُديري يقدم يد العون والمشورة في العمل متى ما طلبت منه. | N1: مُديري لديه وعي ذاتي وذكاء عاطفي ويتفهم مشاعر الفريق. | O1: هل لديك مرئيات لتطور مديرك حول «طريقة العمل»؟ | P1: مُديري يؤثر في معنويات الفريق ويحفزني باستمرار. | Q1: مُديري يشجع ويسهل التعاون داخل الفريق. | R1: مُديري يعمل على تعزيز بيئة مشجعة وإيجابية تحت قيادته. | S1: مُديري يُشرك الفريق ويشاورهم عند اتخاذ القرارات. | T1: هل لديك مرئيات لتطور مديرك حول «قيادة الفريق»؟ | U1: مُديري يستثمر وقتاً وجهدًا لتطويري مهنيًا وعمليًا. | V1: مُديري يشاركني مرئيات بناءة تساعدني على التطور. | W1: مُديري يساهم في رفع الأداء والإنتاجية لدى الفريق. | X1: مُديري يشجع ويدعم التفكير الإبداعي والأفكار المختلفة. | Y1: هل لديك مرئيات لتطور مديرك حول «الدعم والتطوير»؟ | Z1: أي شيء آخر تودّ مشاركته مع مديرك؟ | AA1: أي شيء آخر تودّ مشاركته مع الموارد البشرية فقط فيما يخص مديرك؟ | AB1: Untitled checkboxes field | AC1: Untitled checkboxes field (بمجرد الإرسال، سيتم اعتماد تقييمك حول مديرك. هل أنت متأكد؟) | AF1: متوسط التقييم
A2: Np55v5B | B2: oaBlRM | C2: 45741.791 | D2: وديان | E2: أسيل باعبدالله | F2: 4 | G2: 7 | H2: 9 | I2: 6 | J2: الوضع الحالي يحتاج تدخلك كل شوي، وكأننا موظفين عاديين وليسوا مدراء. ساعدينا في اتخاذ القرارات الصحيحة حتى ننطلق بمفردنا، ونتعلم طريقة تفكيرك. | K2: 4 | L2: 4 | M2: 9 | N2: 8 | O2: لا يوجد خطة أو آلية عمل واضحة.. | P2: 6 | Q2: 4 | R2: 3 | S2: 3 | T2: أحيانًا ما نعرف كيف تُتخذ القرارات والتغييرات الداخلية.. وعندما تتم، ما يوصلنا الخبر في الوقت ذاته. | U2: 3 | V2: 7 | W2: 7 | X2: 9 | Y2: مع أننا ما نجلس إلا نادرًا، لكن يعجبني أسلوبك في مشاركة المرئيات، وأفكارك، وأتحمس جدًا بعد كل جلسة معك. كثري منها. | AA2: لا يوجد | AB2: بمجرد الإرسال، سيتم اعتماد تقييمك حول مديرك. هل أنت متأكد؟ | AC2: TRUE | AF2: =AVERAGE(U2:X2,P2:S2,K2:N2,F2:I2) -> 5.8125
A3: 81ooYJk | B3: v0oJyX | C3: 45769.485 | D3: أنس الأهدل | E3: أسيل باعبدالله | F3: 8 | G3: 7 | H3: 10 | I3: 6 | J3: دايمًا ألاحظك تركزي عالطوارئ والهام والعاجل، وتسحبي عالهام وغير العاجل. مثلًا، واضح أن التواصل كان يحتاج بناء فريق، كتّاب تحديدًا. بينما معظم تركيزك كان عالعمليات اليومية وحملات الإطلاق وإطفاء الحرائق. | K3: 7 | L3: 6 | M3: 10 | N3: 9 | O3: أحب الشغل معك، وعادة ننجز، لكن اللي يضاقني أنه إنجاز بعفوية وعشوائية. بدون آلية عمل مستدامة لا تعتمد على تدخل أسيل وتواجدها الدائم. كثير أحيان أحس أننا في 2018. | P3: 8 | Q3: 8 | R3: 6 | S3: 10 | T3: فيه ثغرة في التواصل الداخلي واتخاذ القرارات داخل الفريق. أؤمن أن كل قرار تتخذيه لسبب. نتمنى فقط مشاركتنا أو مشورتنا قبل اتخاذ القرارات الكبيرة، خاصة بما يؤثر فريقنا. | U3: 3 | V3: 7 | W3: 7 | X3: 10 | Y3: تعجبني صراحتك وكرمك في المرئيات. ما تخبي شيء إيجابي أو سلبي. | AB3: بمجرد الإرسال، سيتم اعتماد تقييمك حول مديرك. هل أنت متأكد؟ | AC3: TRUE | AF3: =AVERAGE(U3:X3,P3:S3,K3:N3,F3:I3) -> 7.625
A4: jaDD456 | B4: 70KZy2 | C4: 45777.412 | D4: مشاري الحمود | E4: أسيل باعبدالله | F4: 7 | G4: 8 | H4: 10 | I4: 7 | J4: أسيل لديها قدرة في اقتراح ترتيب جديد للفريق بين المشاريع، دائمًا أرجع ولا أستغني عن رأيك. أظن أننا جميعًا تطورنا خلال الفترة الماضية في التواصل وشرح التحديثات، وأقدر هذا جدًا. بخصوص أهداف الفريق أحيانًا جميعنا يجرفنا الحماس للمشاريع الجديدة الرائعة وننسى مواردنا وقدرات الفريق وعامل الوقت، أنا متهم بهذه أيضًا. | K4: 8 | L4: 6 | M4: 9 | N4: 8 | O4: الفترة الماضية من أفضل فتراتنا في العمل من ناحية التفويض والثقة، وأقدر هذا جدًا. أحيانًا نغرق في وسط المهام ولا نجد الوقت الكافي للاستشارة، ولكن الأمور جيدة بشكل عام. كثير من نقاشاتنا بخصوص الفريق تتعلق بالموظفين الذي يمرون فترات سيئة، أحاول دائمًا تقديم الرحمة على القسوة، ومحاولة التطوير والخروج من الفترة السيئة، وفي الفترة الأخيرة للأمانة أرى تعاون عالي منك، وأشكرك على ذلك. | P4: 9 | Q4: 9 | R4: 7 | S4: 8 | T4: لا أحد يستشير فريقه عن القرارات الكبيرة أكثر منك أسيل، وأشكرك على هذا. الفريق «الموظفين الذين لا تتقاطعين معهم» ينظر لك بإكبار ويحب العمل معك، ولكن طبيعي مع انشغالاتك تقل التداخلات، ولكن حضورك معهم يسعدهم. | U4: 7 | V4: 6 | W4: 9 | X4: 10 | Y4: أتمنى لو أسمع منك مرئيات أكثر، في حال وجودها. أنتِ من أفضل من يعطي مرئيات، وتتعاطفي معنا، لكن هذا لو جلسنا. ونادرًا ما نجلس. استثمري أكثر في الجلوس مع الفريق ومشاركة المرئيات.. ليس مجرد متابعة مهام. | Z4: مدري وشلون أقولها، ولكن خلينا نروح لمنطقة أبعد، أدري الموضوع عن رئيس الشركة هههه بس خلونا نكبر خلاص ختمنا مرحلة الشركة الصغيرة. | AB4: بمجرد الإرسال، سيتم اعتماد تقييمك حول مديرك. هل أنت متأكد؟ | AC4: TRUE | AF4: =AVERAGE(U4:X4,P4:S4,K4:N4,F4:I4) -> 8
A5: QK22Zvk | B5: ReoEjp | C5: 45777.582 | D5: ميسم | E5: أسيل باعبدالله | F5: 8 | G5: 7 | H5: 8 | I5: 6 | J5: كل شيء فُل ويحمّس! لكن أولويات المشاريع ما تُبنى بشكل فعّال، كثير من الأحيان تكون بشكل مفاجئ بحسب رغبة لحظية، زي «خلونا نلحق نسويه قبل رمضان، وباقي على رمضان أسبوع» هههه احنا فريق رهيب نقدر نتشكّل بسرعة وننفذ، لكن هذا مب صحي إذا نبغى برامجنا الرهيبة تكبر وتكثر، وأخذت وقتها الكافي في بناء المحتوى. ماذا لو قدرنا نلتزم بخطة الربع ونقفلها بالشمع الأحمر على قولتك. وأي شيء جديد ننقله مباشرة للربع الجاي؟ بيساعد في ضبط التوقعات عند فريق المالية، والإنتاج، والأعمال، والنشر. | K5: 6 | L5: 7 | M5: 10 | N5: 9 | O5: الله يسدد خطاها ويعينها. ودي لو تنفتح أسيل على الثقة بباقي الفريق وتصير تفوّض مهام أكثر، أحيان مو صح يشعر الفريق ان فيه ناس مُفضلّين عن غيرهم. + المُفضلين يشيلون أكثر من ما ينبغي لأن أسيل ما تثق إلا فيهم بالتالي حتى مافيه فايدة من التوظيف إذا كنت بسوي كل شيء في النهاية. هههه | P5: 7 | Q5: 7 | R5: 7 | S5: 7 | T5: في كثير من الأحيان يشعر الفريق تحت التهديد للتنفيذ، أو انهم ما راح يحصلوا على رضى وكلمة حلوة من الادارة إلا لو عملوا 24 ساعة بدون اجازة نهاية أسبوع، أو حتى اجازات سنوية، وهذا يعزز القلق وغير صحي. ما أعرف وش التصرف الصحيح بالضبط لكن أعتقد لو أشعرنا الفريق بان القيادة في صفكم دائمًا، راح نقدر نحافظ على نفسيات حلوة تعمل بحُب، وتاخذ أيام الراحة والاجازات بدون خوف من فكرة انها «خذلت الادارة». + إنتاجاتنا أكثر من الفريق القائم عليها، أعتقد مفترض نستوعب هالشيء قبل ما نقول ان فيه أحد مقصّر. | U5: 5 | V5: 5 | W5: 8 | X5: 10 | Y5: احنا في عجلة نركض طوال السنة، يصعب أحيان كثيرة وجود أيام بصفاء ذهني يساعد على حضور برنامج يطوّر من مهاراتي. + المرئيات أكثرها عن انجاز الإنتاجات من عدمها، ودي لو مره نجلس ويكون فيه مرئيات واضحة على مهاراتي في العمل، تخليني أنتبه للسلبيات وأتعلّم منك وش ممكن يطوّرها. | AB5: بمجرد الإرسال، سيتم اعتماد تقييمك حول مديرك. هل أنت متأكد؟ | AC5: TRUE | AF5: =AVERAGE(U5:X5,P5:S5,K5:N5,F5:I5) -> 7.3125
A6: 44XXZ8d | B6: PerexQ | C6: 45736.799 | D6: سيف | E6: أنس الأهدل | F6: 7 | G6: 9 | H6: 8 | I6: 8 | J6: لا | K6: 9 | L6: 9 | M6: 7 | N6: 7 | O6: لا | P6: 7 | Q6: 8 | R6: 7 | S6: 6 | T6: لا | U6: 7 | V6: 7 | W6: 6 | X6: 10 | Y6: لا | Z6: نحبك، ونعلم دائما أنك أفضل مدير ممكن يتمودر علينا، صالح مصطلح يتمودر؟ والله ماهو صالح | AA6: لا | AB6: بمجرد الإرسال، سيتم اعتماد تقييمك حول مديرك. هل أنت متأكد؟ | AC6: TRUE | AF6: =AVERAGE(U6:X6,P6:S6,K6:N6,F6:I6) -> 7.625
A7: 1APvyOW | B7: Qar8O8 | C7: 45741.794 | D7: نوره الرشيد | E7: أنس الأهدل | F7: 8 | G7: 5 | H7: 8 | I7: 8 | J7: لا يوجد | K7: 10 | L7: 10 | M7: 10 | N7: 10 | O7: لا يوجد | P7: 6 | Q7: 10 | R7: 7 | S7: 10 | T7: لا يوجد | U7: 6 | V7: 6 | W7: 4 | X7: 10 | Y7: لا يوجد | Z7: ما يجي ببالي شيء معين، إلا شكرًا لدعمك المستمر. | AA7: ما يجي ببالي إلا أني أظنه من أفضل المدراء في ثمانية، بس أحيانًا تحسه بعيد عن الفريق لكن ما نقصّر وننشب له. 👍 | AB7: بمجرد الإرسال، سيتم اعتماد تقييمك حول مديرك. هل أنت متأكد؟ | AC7: TRUE | AF7: =AVERAGE(U7:X7,P7:S7,K7:N7,F7:I7) -> 8
A8: yPZqa7p | B8: WX1Xbv | C8: 45755.593 | D8: سيف | E8: أنس الأهدل | F8: 8 | G8: 8 | H8: 9 | I8: 7 | J8: مديري يجيد ترتيب أولويات المهام والوقت من يوم يومه، فما ألاحظ تحسن لأنو ما عندي تعقيب على هاذ الشي من قبل | K8: 7 | L8: 9 | M8: 8 | N8: 7 | O8: لالا | P8: 8 | Q8: 10 | R8: 9 | S8: 6 | T8: ... | U8: 7 | V8: 8 | X8: 10 | Y8: دائما يحاول أنس أنو يقدملك منصات تساعدك في شغلك، مرئيات، كورسات... إلخ | Z8: لا والله... | AA8: لو يبقى أنس مديري، توقعوا مني راح صير مكان أبو مالح يوما ما | AB8: بمجرد الإرسال، سيتم اعتماد تقييمك حول مديرك. هل أنت متأكد؟ | AC8: TRUE | AF8: =AVERAGE(U8:X8,P8:S8,K8:N8,F8:I8) -> 8.0666667
A9: 44XOZQA | B9: GVxbDz | C9: 45762.658 | D9: نورة السبيعي | E9: أنس الأهدل | F9: =AVERAGE(F10:F14) -> 7 | G9: =AVERAGE(G10:G14) -> 6.4 | H9: =AVERAGE(H10:H14) -> 9 | I9: =AVERAGE(I10:I14) -> 7.4 | J9: تكّة وضوح بس وتصير الدنيا وردية. | K9: =AVERAGE(K10:K14) -> 9.2 | L9: =AVERAGE(L10:L14) -> 9.6 | M9: =AVERAGE(M10:M14) -> 9.2 | N9: =AVERAGE(N10:N14) -> 8.6 | O9: لا، ممتازة. | P9: =AVERAGE(P10:P14) -> 6.2 | Q9: =AVERAGE(Q10:Q14) -> 6.6 | R9: =AVERAGE(R10:R14) -> 7.4 | S9: =AVERAGE(S10:S14) -> 7 | T9: لا. | U9: =AVERAGE(U10:U14) -> 6.4 | V9: =AVERAGE(V10:V14) -> 7 | W9: =AVERAGE(W10:W14) -> 7 | X9: =AVERAGE(X10:X14) -> 9.8 | Y9: بس لو يشاركنا مرئيات أكثر حول عملنا، ويساعدنا على التطوير المستمر. | Z9: ما عندي ملاحظات، رائع أنس في الدعم وفتح المساحة، ودائم لما أحتاج شيء وأرجع له ما يقصر أبدًا فحتى لو عندي ملاحظات سهل جدًا أقولها له في وقتها فالتواصل معه سهل. لكن ودّي بمرئيات أكثر حول العمل والتطوير المستمر. | AB9: بمجرد الإرسال، سيتم اعتماد تقييمك حول مديرك. هل أنت متأكد؟ | AC9: TRUE | AF9: =AVERAGE(U9:X9,P9:S9,K9:N9,F9:I9) -> 7.7375
A10: aQNyjMW | B10: rbd0eo | C10: 45742.75 | D10: شهد باعبدالله | E10: أنس الأهدل | F10: 5 | G10: 5 | H10: 10 | I10: 10 | J10: الأولويات وإيضاح المهام تصل دائمًا بعد الطلب، بالنسبة لي. كثير مرات أتمنى لو تذكر هذه الأمور من طرفك، وهو مو من إهمال قد ما أنك تعرف وتعّي بأني متابعة وأعرف المطلوب مني، مثلًا. ولكن الكلام مجانًا، والبخل في الوضوح والحديث ليس من سمات الناس الكويسة. (مع كل الحب — والتفهم جدًا) | K10: 10 | L10: 10 | M10: 10 | N10: 10 | O10: خيرٌ من ألف مدير. لو توظفت خمس مرات، بطلبهم بكل مرة يخلونه مديري. 😁 كل النقاط اللي ذكرت فوق، أنس أفضل من يقدّمها لفريقه. وأعتقد بأن الذكي كفايه بيستغلها وبينطلق. هذا و الله أعلم. فأنا ممتنة أشدّ الامتنان على كل هذا. | P10: 8 | Q10: 5 | R10: 10 | S10: 10 | T10: ما عليه كلام. | U10: 6 | V10: 7 | W10: 10 | X10: 10 | Y10: ما عليه كلام، من جد. | Z10: ما قد شفت منك إلّا كل ما هو خير. وفي كل مرة، أتأكد بأن كل الأزمات العالمية حول المدير، هي كذبة وأنس أبطلها واحدة واحدة. وأي تعليق أو تقييم حول الأداء أو كل الأسئلة اللي ذكرت فوق هي مرئيات عابرة، ولا تأثر على سيّر العمل، وأمور قابل للنقاش عنها دومًا ومشاركتها معك.. وتتقبّلها وتتعدل، عادي. فأنا متأكدة بأن كل نموذج مميز في الفريق وصار غير قابل للتخلي عنه لاحقًا في الشركة لأن عليه لمسات قيادتك. —> نوادر ثمانية. وصلنا السنة الثالثة، وأعي جيّدًا بكل مرة بأن المرحلة اللي بعدها بندخل خط يحمسني للعمل فيه معك أكثر، ولا أتمنى بأن يتوقف هذا الشغف. — ومع الجزئية الرابعة في المرئيات. صار لازم أذكر حقيقة بأن أعتقد بأن الأمور الوظيفية الشخصية فعلًا مفقودة وغائبة عن الظهور. ولا أشوف بأن فيه تعزيز لأي قيادة داخلية في الفريق رغم أنها بسيطة وتقدر تُبنى خصوصًا مع زيادة الأعداد، وبتزيد أكثر. حتى الترقية، وتغيير المسمى الوظيفي - كما هو مستحق - ما حصل. وأرى من غير العدل بأن أتساوّى مستوى مع أشخاص توهم توظفوا، ومطلوب مني أشرف عليهم خلال مدة عملهم. أعي بأن صلاحياتي بالعمل تزيد، وهذا كرمًا منك، ولكن المسار المهني مضروب وباقي كما هو وما اختلف شيء. المسمى مفقود، القيادة مفقودة، الترقية مفقودة، المستحق طالبت فيه وأخذته بشقّ الأنفاس وهو مجرد تصحيح للصمت اللي حصل وما تم تداركه. وأنا أرى بأن كل هذا له قيمة عالية جدًا، والكلام عنه مزعج لأن مفترض يكون تلقائي. | AA10: لا تخلونه يروح مكان مهما يكن. لمصلحة الشركة صدقوني. | AB10: بمجرد الإرسال، سيتم اعتماد تقييمك حول مديرك. هل أنت متأكد؟ | AC10: TRUE | AF10: =AVERAGE(U10:X10,P10:S10,K10:N10,F10:I10) -> 8.5
A11: RGKeZNJ | B11: vVODdd | C11: 45753.421 | D11: عمر خطاب | E11: أنس الأهدل | F11: 7 | G11: 8 | H11: 10 | I11: 8 | J11: أشوف الأمور جيدة جدًا في هذه الناحية، يعطيك ألف عافية. أحيانًا بعض المهام الجديدة بطبيعتها قد تحتاج توضيح أكثر في البداية. ونعاني في الأولويات وأوقات تسليم المهام أحيانًا عشان نأخذ مهام من فرق أخرى جديدة ومستعجلة، أحيانًا كثيرة بشكل يومي. | K11: 10 | L11: 10 | M11: 10 | N11: 10 | O11: هذه من أحلى الحاجات في ثقافة الشركة وفريقنا. أثمّن الثقة والاستقلالية بشكل دائم، وما عندي أي ملاحظات. | P11: 7 | Q11: 10 | R11: 10 | S11: 10 | T11: بالمجمل الأمور طيبة هنا. ربما بكون ممتاز لو أقدر أسمع بين فترة وثانية رأيك\انطباعات\أفكار\اقتراحات عن المهام التي نعمل عليها، حاجات نفكّر فيها أكثر للمستقبل القريب.. إلخ | U11: 7 | V11: 9 | W11: 9 | X11: 10 | Y11: ما عندي ملاحظات مفصّلة هنا، لكن لو في البال أي مساحات معينة تشوف نحتاج نستثمر فيها وقت أكثر من ناحية البحث أو التعلم، أو حاجات رح نتعلمها في المستقبل بكون رائع | Z11: يعطيك ألف عافية أنس. متحمس للفترات القادمة، والأمور طيّبة. لخّصت أبرز الحاجات اللي ببالي في النقاط أعلاه. زبدتها: - بعض المهام الجديدة ممكن بحتاج فيها توضيح أكثر. - أحيانا نعاني من مهام مستعجلة ومفاجئة من فرق أخرى وتأخر المهام المرتبطة بفريقنا.. وأحيانًا بشكل كبير. جاءت فترة جيدة هذا الربع يكون عندي مهمة جديدة ومستعجلة يوميًا تقريبًا، وهذا شوي يكون مرهق في ترتيب أولويات مهامي - أحب أعرف بين فترة وثانية لو في بالبال أي ملاحظات أو اقتراحات أو أفكار عن مخرجات المهام وكذا. شكرًا جزيلًا يا أنس مرة أخرى، ويعطيك العافية يا رب. | AB11: بمجرد الإرسال، سيتم اعتماد تقييمك حول مديرك. هل أنت متأكد؟ | AC11: TRUE | AF11: =AVERAGE(U11:X11,P11:S11,K11:N11,F11:I11) -> 9.0625
A12: VLEWK7j | B12: LE8QVG | C12: 45740.504 | D12: فيصل | E12: عبدالرحمن أبومالح | F12: 8 | G12: 5 | H12: 8 | I12: 6 | J12: - | K12: 8 | L12: 10 | M12: 8 | N12: 8 | O12: - | P12: 5 | Q12: 3 | R12: 3 | S12: 3 | T12: - | U12: 8 | V12: 3 | W12: 3 | X12: 10 | Y12: - | AB12: بمجرد الإرسال، سيتم اعتماد تقييمك حول مديرك. هل أنت متأكد؟ | AC12: TRUE | AF12: =AVERAGE(U12:X12,P12:S12,K12:N12,F12:I12) -> 6.1875
A13: WO9a4NL | B13: 5lJ7oM | C13: 45769.491 | D13: معاذ الحربي | E13: عبدالرحمن أبومالح | F13: 7 | G13: 7 | H13: 8 | I13: 5 | J13: العمل معك بالغالب مريح وواضح. الشي الوحيد اللي أشوف ممكن يضيف فرق، هو لو تشاركنا أكثر بالصورة الكبيرة والخطط طويلة المدى، عشان نحس إننا ماشين سوا على نفس الطريق ونكون جزء من الرؤية بشكل أكبر. | K13: 10 | L13: 10 | M13: 10 | N13: 6 | O13: متواجد وقت ما نحتاجك دائمًا، وما تقصّر أبدًا في الدعم والمشورة. وبرغم إن عندك وعي وذكاء عاطفي ممتازين، أحيانًا أحس إنك تكون مندفع وما تاخذ برأي أحد غيرك. لو صار فيه تواصل أعمق بهالجانب، أتوقع راح ينعكس بشكل كبير وإيجابي على الفريق. | P13: 6 | Q13: 8 | R13: 7 | S13: 6 | T13: أقدّر حرصك على خلق بيئة إيجابية ومشجعة داخل الفريق، ودائمًا تبذل جهد في تعزيز التعاون بيننا. لكن أحس إن فيه مساحة لتأثير أكبر على معنويات الفريق، خصوصًا في أوقات الضغط أو التحديات. وبالنسبة لموضوع المشاركة في اتخاذ القرار، أحيانًا أحس إنك تمشي بسرعة قبل ما تستشير الفريق بشكل كافٍ، وأشوف إن وجود مساحة أوسع للنقاش ممكن يطلع بقرارات أقوى، ويزيد شعور الفريق بالشراكة والمسؤولية. | U13: 5 | V13: 8 | W13: 6 | X13: 10 | Y13: مشاركتك المرئيات ممتاز ودايم تفتح مساحة للنقاش، وهذا ساعدني كثير إني أتطوّر وأشتغل بثقة أفضل. بس أحيانًا أحس إن سرعة العمل تخليك ما تركز على تطوير كل فرد بنفس المستوى أو ما تتابع معنا بشكل شخصي كفاية. يمكن لو كان فيه وقت مخصص للتوجيه الفردي بيكون له أثر كبير على تطوّر الفريق ككل، خصوصًا في فترات الركود أو التكرار. | AB13: بمجرد الإرسال، سيتم اعتماد تقييمك حول مديرك. هل أنت متأكد؟ | AC13: TRUE | AF13: =AVERAGE(U13:X13,P13:S13,K13:N13,F13:I13) -> 7.4375
A14: 0QrRrrj | B14: OjbpoR | C14: 45761.193 | D14: البراء | E14: عبدالرحمن أبومالح | F14: 8 | G14: 7 | H14: 9 | I14: 8 | J14: الأمور تمام والتواصل معك دائمًا واضح، أرجوا فقط أن يكون هناك موائمة دائمة بالأولويات. | K14: 8 | L14: 8 | M14: 8 | N14: 9 | O14: لا توجد ملاحظات، طريقة العمل بيننا رائعة وأشعر أن لدي كل الثقة والاستقلالية. | P14: 5 | Q14: 7 | R14: 7 | S14: 6 | T14: لا نطالب أبدًا بالتسليك والتلميع في غير محله، لكن التشجيع والثناء عندما تضبط الأمور لها وقع كبير على الفريق، وخصوصًا القادة. والعكس صحيح، فالنقد أمام الملأ فيه من تظبيط المعنويات ما ينقلب ضد نفعية النقد. | U14: 6 | V14: 8 | W14: 7 | X14: 9 | Y14: سبق وشاركتني عدة مرئيات مفيدة وفي محلها! لكن قطعًا هناك مساحة لإحراز نجاحات أكبر في دعم وتطوير الرؤساء والقادة مهنيًا وعمليًا. سأشارك بعض الأفكار والقرارات المقترحة معك في اجتماعنا القادم. | AB14: بمجرد الإرسال، سيتم اعتماد تقييمك حول مديرك. هل أنت متأكد؟ | AC14: TRUE | AF14: =AVERAGE(U14:X14,P14:S14,K14:N14,F14:I14) -> 7.5
A15: pbxpxrq | B15: ajV76E | C15: 45768.63 | D15: أسيل | E15: عبدالرحمن أبومالح | F15: 8 | G15: 6 | H15: 10 | I15: 8 | J15: مبدئيًا أنا أعترض على التقييم المستمر للمدراء، قبل أقل من سنة سوّينا نفس التقييم، ليش نتخيّل أنّه يحتاج يرجع يسمع كل شيء من جديد؟ ما أفهم. عمومًا، أزمة الأولويات هي أزمة عامّة ومتوقعة لأي شركة ناشئة، أو لأي شركة مسرعة. فما عادت لخبطة الأولويات تؤثّر فيني، ممكن تؤثر في الفريق التقني أكثر. في الإنتاج صارت أقل حدّة، بس ممكن المشكلة أننا نحدد الأولويات، ونتوقع أنّها تنتهي في أسبوعين، بالرغم من أنّها عملية تحتاج أشهر أو أسابيع حتّى تبان نتائجها. غير أن كل شيء أولوية، يجعل من كل شيء متعطّل. ما أظن أني أتوقع من عبدالرحمن شيء، إلا الصبر والثقة في أن الأولويات ستجد طريقها لتكون واقعًا، وأن تفعيل مود الطوارئ والغضب باستمرار، يجعل كل شيء يخلّص عشان نهدئ المدير، أكثر من أنّه الصح الذي يجب أن يكون. | K15: 8 | L15: 10 | M15: 8 | N15: 5 | O15: آخر سؤال فخ، لو ما حطّوه أحسن. | P15: 7 | Q15: 7 | R15: 7 | S15: 7 | T15: أشعر أن فريق الإنتاج الأقل حظًّا في تشجيع عبدالرحمن، يمكن لأنه أقدم الفرق، أو الأكثر حظًّا بالتقدير من الجمهور. بس، أظن وجود تعليقات داعمّة يمنةَ ويسرة لفريق الإنتاج أمام الآخرين، بتكون لفتة لطيفة. أحب مناوشاته مع فريق المحتوى باستمرار، بس أحيانًا أشعر أنّهم يخافون منها ههههه أفهم أنّهم مفترض ما يخافون، لكن ممكن لو نشارك المدح، بحيث يصير الانتقاد أخف وطأة. | U15: 6 | V15: 8 | W15: 8 | X15: 10 | Y15: قلتها سابقًا، صعبة عبدالرحمن يفكّر في الدعم والتطوير، لأننا كبار وكذا. لكن، ممكن تكون في فتح الفرص والآفاق للتنفيذيين. وجودي في اجتماعات مهمّة وحساسة في مستقبل الشركة، أكيد أنّه جزء من تطويري، وسبق وناقشتها مع الريّس. خلق طرق تفكير جديدة، أو اقتراح برامج محتوى جديدة ... إلخ كلها أشياء داعمة، ويسوّيها عبدالرحمن باستمرار، ما يقصّر. | AB15: بمجرد الإرسال، سيتم اعتماد تقييمك حول مديرك. هل أنت متأكد؟ | AC15: TRUE | AF15: =AVERAGE(U15:X15,P15:S15,K15:N15,F15:I15) -> 7.6875
A16: xXx5MN9 | B16: XvEqpj | C16: 45742.381 | D16: علي بوصالح | E16: عبدالرحمن أبومالح | F16: 7 | G16: 8 | H16: 10 | I16: 8 | J16: - مديري كان لديه مشكلة في الوضوح، لكن في الفترة الأخيرة تحسّن. - الأولويات تتغير كثير وأشوفها مشكلة. | K16: 9 | L16: 10 | M16: 9 | N16: 8 | O16: - مُمكّن رائع. ما أذكر يوم من الأيام حسّيت إنّي عندي عوائق في اتخاذ القرارات. - في تحدّي لمن يبدأ يتدخّل في التفاصيل الصغيرة، لأنه أحيانًا هو ما هو داخل كفاية معانا في عملية التطوير. فالمفترض إذا قلنا رأي مُخالف له علاقة بآلية العمل يسمع لنا. - أحيانًا يزعل من الفريق ويبدأ يتصرّف بشكل قد ينفر الموظفين. | P16: 9 | Q16: 8 | R16: 9 | S16: 8 | T16: - ما يتدخّل كثير بيني وبين أعضاء الفريق الآخرين، وأشوفه شيء جيّد لأن كلّنا خبرتنا كبيرة فالمفترض نتعامل مع بعضنا البعض ونخلص المواضيع. - الموضوع فيه أريحية كبيرة في التعامل. | U16: 9 | V16: 8 | W16: 10 | X16: 10 | Y16: - أكثر المرئيات تكون على المهارات الإدارية وأتوقع هنا دوره الأكبر يكون. | Z16: أبد، عساك على القوّة. | AA16: لا يوجد شيء. | AB16: بمجرد الإرسال، سيتم اعتماد تقييمك حول مديرك. هل أنت متأكد؟ | AC16: TRUE | AF16: =AVERAGE(U16:X16,P16:S16,K16:N16,F16:I16) -> 8.75
A17: RGKy1KP | B17: yrE0N8 | C17: 45753.505 | D17: زياد السرور | E17: عبدالله الغامدي | F17: 5 | G17: 3 | H17: 8 | I17: 6 | J17: عدم وضوح بالأولويات والأهداف، وتغيرات مفاجئه تسبب عدم أريحية بالوضع | K17: 4 | L17: 4 | M17: 10 | N17: 6 | O17: مشاريع يُتخذ فيها قرار دون علم مدير المشروع. وهذا مربك قليلا. | P17: 6 | Q17: 5 | R17: 6 | S17: 8 | T17: اجعلها سهلة بالتواصل، ولا تكون مركزية للبعد عن المشاحنات والتنافس الضار. | U17: 5 | V17: 10 | W17: 5 | X17: 5 | Y17: البعد عن المركزية، والاستماع الفعال للكل بتنوع مرئياتهم واقتراحاتهم وتجربتها | Z17: فوض وراقب، ولا تفوض وتراقب وتدخل في النهايات بأسئلة تبعث الريبة بالعمل كاملا الاسلوب الجميل الواضح منهجك، ونريده اكثر بالمهام يطلب التحديث اذا لا يوجد بتاتا التحديثات لا تطلب يوميا لانها تعتمد على أطراف أخرى تقسيم المنتجات والبيع لها وطلبات الفريق امنيتي ان تؤخذ بعين الاعتبار على ما بها من اعتبار | AA17: أسلوبي واضح أريد تغيير بعض الشيء لما يناسب. - أمنيتي الوضوح بين عبدالله وفيصل لأنه يسبب إرباك غير مريح. ملاحظاتي للتحسين، وعبدالله جدًا ممتاز ، ولكن التحسين مطلب. | AB17: بمجرد الإرسال، سيتم اعتماد تقييمك حول مديرك. هل أنت متأكد؟ | AC17: TRUE | AF17: =AVERAGE(U17:X17,P17:S17,K17:N17,F17:I17) -> 6
A18: Bz4RevN | B18: e899yx | C18: 45754.507 | D18: بندر العاصمي | E18: عبدالله الغامدي | F18: 7 | G18: 6 | H18: 9 | I18: 8 | J18: لايوجد | K18: 6 | L18: 7 | M18: 10 | N18: 8 | O18: لايوجد | P18: 8 | Q18: 8 | R18: 8 | S18: 8 | T18: لايوجد | U18: 7 | V18: 9 | W18: 8 | X18: 7 | Y18: لايوجد | AB18: بمجرد الإرسال، سيتم اعتماد تقييمك حول مديرك. هل أنت متأكد؟ | AC18: TRUE | AF18: =AVERAGE(U18:X18,P18:S18,K18:N18,F18:I18) -> 7.75
A19: 1APeW2p | B19: DEabvp | C19: 45743.944 | D19: أميرة | E19: عبدالله الغامدي | F19: 8 | G19: 6 | H19: 10 | I19: 9 | J19: بعض القرارات تُتخذ بدون توضيح كافي للآلية، الوضع الحالي ممتاز. لكن دائما نستطيع تحسينه. | K19: 10 | L19: 8 | M19: 10 | N19: 10 | O19: ياريت فيه وضوح أكثر بين عبدالله وفيصل لأن هذا الشيء يشتت. | P19: 10 | Q19: 10 | R19: 10 | S19: 8 | T19: فوض المهام بيسر، استمع للأراء بإنصات، دون تهكّم | U19: 6 | V19: 10 | W19: 10 | X19: 7 | Y19: عبدالله جدًا ممتاز .. ملاحظاتي للتحسين فقط. | Z19: طبيعة عملنا المتغيرة، تحتاج توجيه مستمر، وذكاء عاطفي عالي ووجود 3 موظفين جدد تطلب بالفترة الاخيرة مجهود وادارة جيدة وعبدالله كان مرن في ذلك. فيشكر عليه فعلًا. | AA19: شكرا على احسانكم، والتأكد من سماع صوت كل فرد في ثمانية | AB19: بمجرد الإرسال، سيتم اعتماد تقييمك حول مديرك. هل أنت متأكد؟ | AC19: TRUE | AF19: =AVERAGE(U19:X19,P19:S19,K19:N19,F19:I19) -> 8.875
A20: XxlaOjL | B20: 2zOODg | C20: 45754.507 | D20: الصوفي | E20: عبدالوهاب محمد | F20: 10 | G20: 10 | H20: 10 | I20: 8 | J20: اهم شي تستمر على ما انت عليه وتسمع اكثر | K20: 10 | L20: 10 | M20: 8 | N20: 8 | O20: الحلو انك قريب من الفريق بشكل ممتاز | P20: 8 | Q20: 8 | R20: 9 | S20: 7 | T20: لا يوجد | U20: 10 | V20: 10 | W20: 10 | X20: 10 | Y20: استمر | AB20: بمجرد الإرسال، سيتم اعتماد تقييمك حول مديرك. هل أنت متأكد؟ | AC20: TRUE | AF20: =AVERAGE(U20:X20,P20:S20,K20:N20,F20:I20) -> 9.125
A21: eqZVBLO | B21: BqMoXA | C21: 45761.52 | D21: أحمد سالم | E21: عبدالوهاب محمد | F21: 8 | G21: 10 | H21: 9 | I21: 10 | J21: الوضوح يخلي العمل مريح حتى مع وجود الضغط، لا توجد لدي مرئيات، استمر بنفس الأسلوب. | K21: 10 | L21: 10 | M21: 10 | N21: 10 | O21: طريقة العمل مناسبة بالنسبة لي. | P21: 10 | Q21: 10 | R21: 8 | S21: 8 | T21: يعجبني ثناؤه وتشجيعه لكل أفراد الفريق. | U21: 8 | V21: 9 | W21: 9 | X21: 8 | Y21: يعجبني مشاركة مرئياتك مع نهاية كل مشروع، استمر بهذا. | Z21: لا توجد. | AA21: لا تعطوه مسؤولية قسم زيادة فوق المصورين والملونين والتخزين هههههه سيبولنا شوي منه، ما نبغاه يتشتت. | AB21: بمجرد الإرسال، سيتم اعتماد تقييمك حول مديرك. هل أنت متأكد؟ | AC21: TRUE | AF21: =AVERAGE(U21:X21,P21:S21,K21:N21,F21:I21) -> 9.1875
B22: elz87k | C22: 45736.805 | D22: ياسر | E22: عبدالوهاب محمد | F22: 9 | G22: 10 | H22: 10 | I22: 10 | J22: اتمنى يستمر اكثر ، ونكثر اجتماعاتنا لكي نصل الى توافق اكثر. ولانشعر بالقلق من ترتيب أولوياتنا. | K22: 10 | L22: 10 | M22: 10 | N22: 10 | O22: لايوجد ، وودي ياحب انك تقلل الظغط على نفسك. | P22: 10 | Q22: 10 | R22: 9 | S22: 10 | T22: لا واستمر في ذالك، | U22: 8 | V22: 10 | W22: 9 | X22: 10 | Y22: لايوجد | Z22: احترم فيك التشجيع للفريق ، واحترم فيك انك تاتي لنا كل فترة وتناقشنا في الاغلاط وايضاً في الايجابيات. | AA22: لايوجد. | AB22: بمجرد الإرسال، سيتم اعتماد تقييمك حول مديرك. هل أنت متأكد؟ | AC22: TRUE | AF22: =AVERAGE(U22:X22,P22:S22,K22:N22,F22:I22) -> 9.6875
A23: 9qGVWb1 | D23: عمار الطحان | E23: علي بوصالح | F23: 7 | G23: 9 | H23: 9 | I23: 7 | J23: الأولويات عندي واضحة للأشهر القادمة وهذا رائع جدا التواصل بيننا جيد ولكن ممكن يفيدني تقييم متكرر بشكل أكبر، يساعدني أخرج من دوامة "أنا كيف هذي الفترة" أعتقد أن الأهداف الموضوعة أحيانا طموحة جدا فوق الواقعي، ما تأخذ بعين الاعتبار التعقيد الموجود في الصنعة مستندات المزايا المطلوبة أحسها انكتبت بسرعة أحيانا وفيها اختصار مخل | K23: 9 | L23: 9 | M23: 10 | N23: 10 | O23: الدعم اللي أشوفه شخصيا ممتاز، أحس اني مُمَكن عندما أحتاج | P23: 8 | Q23: 9 | R23: 9 | S23: 10 | T23: أحيانا أحس التحفيز السلبي (ليش تأخرنا هنا، خلونا نخلص هناك) يطغى على الايجابي (حبيت اننا ركزنا في هذي النقطة وخلصناها مثل المتوقع) | U23: 8 | V23: 9 | W23: 9 | X23: 9 | Y23: أحس ان مهارات القيادة (المهارات الناعمة) مغفول عنها في ثمانية عموما | AB23: بمجرد الإرسال، سيتم اعتماد تقييمك حول مديرك. هل أنت متأكد؟ | AC23: TRUE | AF23: =AVERAGE(U23:X23,P23:S23,K23:N23,F23:I23) -> 8.8125
A24: Gxxezxz | B24: GaYaoz | C24: 45754.562 | D24: محمد عطاالله | E24: علي بوصالح | F24: 10 | G24: 9 | H24: 9 | I24: 9 | J24: مديري ممتاز جدًا في توضيح الأفكار وتحديد الأولويات، وأسلوبه الواضح يجعل العمل أسهل علينا كفريق. لو في شيء بسيط ممكن نطوره، فهو إنه نراجع الأولويات مع بعض بشكل مستمر، خاصة لما يصير فيه تغييرات مفاجئة. | K24: 10 | L24: 10 | M24: 10 | N24: 8 | O24: مديري يُظهر تفهّمًا جيدًا لمشاعر الفريق، إلا أنه أحيانًا لا ينعكس ذلك على تخفيف حجم العمل أو مرونة المدة الزمنية بشكل يتناسب مع ضغط المهام. | P24: 10 | Q24: 10 | R24: 10 | S24: 9 | T24: قيادة مديري ملهمة جدًا، فهو يحفزنا باستمرار، ويشجع التعاون والروح الإيجابية داخل الفريق. وجوده يجعل بيئة العمل مشجعة ومريحة، ومشاركته لنا في اتخاذ القرارات تعزز شعورنا بالمسؤولية والانتماء. | U24: 8 | V24: 9 | W24: 9 | X24: 10 | Y24: مديري داعم جدًا ويساهم بشكل واضح في تطوير الفريق وتشجيع الأفكار الجديدة. سيكون رائعًا لو تم تخصيص وقت إضافي أحيانًا لجلسات تطوير فردية تساعد كل شخص على تحديد مساره المهني بشكل أوضح. بشكل عام دعمه وتحفيزه يعطينا طاقة إيجابية ويدفعنا نكون أفضل. | AB24: بمجرد الإرسال، سيتم اعتماد تقييمك حول مديرك. هل أنت متأكد؟ | AC24: TRUE | AF24: =AVERAGE(U24:X24,P24:S24,K24:N24,F24:I24) -> 9.375
A25: D44krG5 | B25: ANqyXe | C25: 45753.546 | D25: محمد الطويل | E25: عمار الطحان | F25: 9 | G25: 9 | H25: 9 | I25: 9 | J25: مديري يجيد ترتيب الأولويات | K25: 7 | L25: 7 | M25: 7 | N25: 7 | O25: مزيد من الثقة بقدرة الفريق | P25: 8 | Q25: 8 | R25: 8 | S25: 8 | T25: مشاركة الخطط المستقبلية مع الفريق | U25: 8 | V25: 8 | W25: 8 | X25: 8 | Y25: اسناد المزيد من المهام الصعبة لاعضاء الفريق | AB25: بمجرد الإرسال، سيتم اعتماد تقييمك حول مديرك. هل أنت متأكد؟ | AC25: TRUE | AF25: =AVERAGE(U25:X25,P25:S25,K25:N25,F25:I25) -> 8
A26: A77pqJk | B26: 6GrVgA | C26: 45754.538 | D26: محمد مصطفى | E26: عمار الطحان | F26: 8 | G26: 9 | H26: 8 | I26: 8 | J26: ليس لدى، لانها من الاشياء التى يبرع فيها، يقوم بها على اكمل وجه | K26: 8 | L26: 9 | M26: 9 | N26: 9 | O26: ليس لدى | P26: 8 | Q26: 10 | R26: 9 | S26: 7 | T26: بالنسبة لأخر نقطة تحتاج الى تحسين وهى مشارك الفريق فى أتخاذ القرارت. | U26: 8 | V26: 10 | W26: 8 | X26: 8 | Y26: ليس لدى | Z26: شكرا لك لقد جعلت بيئة العمل ايسر وافضل واضفت الكثير من التنظيم والجودة الى الفريق وبيئة العمل | AA26: لا شكرا | AB26: بمجرد الإرسال، سيتم اعتماد تقييمك حول مديرك. هل أنت متأكد؟ | AC26: TRUE | AF26: =AVERAGE(U26:X26,P26:S26,K26:N26,F26:I26) -> 8.5
A27: A77dG0N | B27: AN4goz | C27: 45755.193 | D27: محمد عاصم | E27: عمار الطحان | F27: 10 | G27: 10 | H27: 9 | I27: 9 | J27: لا يوجد | K27: 9 | L27: 9 | M27: 9 | N27: 9 | O27: لا يوجد | P27: 9 | Q27: 9 | R27: 9 | S27: 9 | T27: عمار يسمع لأراء الأشخاص ولكن اعتقد محتاج يسمع اكثر للاراء ووضع احتمالية ان يكون راي الاخرين افضل ولو بشكل بسيط | U27: 4 | V27: 6 | W27: 8 | Y27: نقطة التطوير دي بتبقي بناءً علي المجهود الشخصي. محتاجين يبقي في خطه ليها مع المدير | Z27: -وضع خطة لاعطاء الاشخاص فرصه للتطوير واعطاء الوقت ومراعاة ذلك في تحديد مدة المهمات. - استمرار تحفيز الاشخاص ومراعاة المجهود المبذول وصعوبة المهمات. -الشكر علي محاولة تحسين بيئة العمل وتحسين المشاكل الموجوده و محاولة حلها. | AA27: - عند طلب اجازه احس منه بصعوبة الموضوع واشتراطه احيانا بإنهاء مهمات معينه معه ان الاجازات ممكن تكون قهريه ولمدة يوم او اثنين وليس مده كبيره | AB27: بمجرد الإرسال، سيتم اعتماد تقييمك حول مديرك. هل أنت متأكد؟ | AC27: TRUE | AF27: =AVERAGE(U27:X27,P27:S27,K27:N27,F27:I27) -> 8.5333333
A28: Npqp57l | B28: jqJGB1 | C28: 45743.524 | D28: هادي حفني | E28: عمار الطحان | F28: 10 | G28: 10 | H28: 10 | I28: 10 | J28: وضوح الأهداف وتحديد الأولويات اثّر بشكل ايجابي على اداء الفريق وجودة المخرجات. | K28: 10 | L28: 10 | M28: 10 | N28: 5 | O28: طريقة العمل ممتازة بشكل عام واثّرت بشكل ايجابي وواضح على انتاجية الفريق، لكن في بعض الاحيان يجب المناقشة مع الفريق لفهم مشاعرهم تجاه بعض القرارات والتعامل معها | P28: 7 | Q28: 10 | R28: 8 | S28: 5 | T28: بعض القرارات تحتاج الي مناقشة اطول مع الفريق. | U28: 3 | V28: 10 | W28: 10 | X28: 10 | Y28: اجتماع المحطة الدورى (1 الي 1) جيد لمشاركة المرئيات، لكن لا يوجد خطة واضحة لتطويري مهنيًا وعمليًا. | Z28: بشكل عام اداء وانتاجية الفريق وجودة المخرجات تحسنت بشكل كبير عما سبق. | AB28: بمجرد الإرسال، سيتم اعتماد تقييمك حول مديرك. هل أنت متأكد؟ | AC28: TRUE | AF28: =AVERAGE(U28:X28,P28:S28,K28:N28,F28:I28) -> 8.625
A29: Gxexvge | B29: WXY9BR | C29: 45752.991 | D29: محمد بدر | E29: عمار الطحان | F29: 9 | G29: 9 | H29: 8 | I29: 9 | J29: لا، دائمًا يحدد اولويات الدورة بالترتيب من الأهم ثم المهم | K29: 9 | L29: 9 | M29: 9 | N29: 9 | O29: لا | P29: 9 | Q29: 9 | R29: 9 | S29: 9 | T29: لا | U29: 8 | V29: 8 | W29: 9 | X29: 9 | Y29: لا | AB29: بمجرد الإرسال، سيتم اعتماد تقييمك حول مديرك. هل أنت متأكد؟ | AC29: TRUE | AF29: =AVERAGE(U29:X29,P29:S29,K29:N29,F29:I29) -> 8.8125
A30: ODQA9jg | B30: Per81d | C30: 45736.757 | D30: نواف العُمري | E30: عمار الطحان | F30: =AVERAGE(F31:F36) -> 9.1666667 | G30: =AVERAGE(G31:G36) -> 8.3333333 | H30: =AVERAGE(H31:H36) -> 8 | I30: =AVERAGE(I31:I36) -> 7.8333333 | J30: عمار توب التوب | K30: =AVERAGE(K31:K36) -> 7.4166667 | L30: =AVERAGE(L31:L36) -> 7.75 | M30: =AVERAGE(M31:M36) -> 8.75 | N30: =AVERAGE(N31:N36) -> 7.9166667 | O30: لا | P30: =AVERAGE(P31:P36) -> 7.75 | Q30: =AVERAGE(Q31:Q36) -> 8.1666667 | R30: =AVERAGE(R31:R36) -> 7.5833333 | S30: =AVERAGE(S31:S36) -> 8.0833333 | T30: لا | U30: =AVERAGE(U31:U36) -> 7.3333333 | V30: =AVERAGE(V31:V36) -> 8.25 | W30: =AVERAGE(W31:W36) -> 7.75 | X30: =AVERAGE(X31:X36) -> 7.9166667 | Y30: لا | Z30: عمار شخص رهيب، ولمسنا وجوده من اول اسبوع له بالفريق. محظوظين فيه | AB30: بمجرد الإرسال، سيتم اعتماد تقييمك حول مديرك. هل أنت متأكد؟ | AC30: TRUE | AF30: =AVERAGE(U30:X30,P30:S30,K30:N30,F30:I30) -> 8
A31: 9qN1dWG | B31: A691az | C31: 45769.391 | D31: إبراهيم القرعاوي | E31: فيصل الغامدي | F31: 10 | G31: 10 | H31: 7 | I31: 7 | J31: من اوضح ما رأيت | K31: 7 | L31: 8 | M31: 8 | N31: 7 | O31: أحس أنك لا تهتم لحدود المسمى الوظيفي، وهذا يخلق ضغط على الفريق لأنه يضطر يسوي شغله وشغل غيره. ويقلل التركيز على المهام الرئيسية التي وجد لأجلها كل شخص | P31: 8 | Q31: 8 | R31: 7 | S31: 9 | T31: محزم مليان | U31: 5 | V31: 8 | W31: 6 | X31: 8 | Y31: لا | AB31: بمجرد الإرسال، سيتم اعتماد تقييمك حول مديرك. هل أنت متأكد؟ | AC31: TRUE | AF31: =AVERAGE(U31:X31,P31:S31,K31:N31,F31:I31) -> 7.6875
A32: J910P4z | B32: x1gp2d | C32: 45736.906 | D32: رامي هاشم | E32: فيصل الغامدي | F32: 10 | G32: 8 | H32: 9 | I32: 9 | J32: أتعلم منه | K32: 7 | L32: 7 | M32: 9 | N32: 9 | O32: ممتاز | P32: 8 | Q32: 8 | R32: 8 | S32: 8 | T32: قيادة فعالة | U32: 7 | V32: 8 | W32: 7 | X32: 7 | Y32: الفريق يحتاج منك أحيان الدعم المعنوي البناء | Z32: شكرأ على التطور إلي سويته لي وللفريق | AA32: فيصل من ٦شهور غير فيصل الحي وأكيد للأحسن | AB32: بمجرد الإرسال، سيتم اعتماد تقييمك حول مديرك. هل أنت متأكد؟ | AC32: TRUE | AF32: =AVERAGE(U32:X32,P32:S32,K32:N32,F32:I32) -> 8.0625
A33: QKod2Kk | B33: 8yXagz | C33: 45738.964 | D33: عبدالله الغامدي | E33: فيصل الغامدي | F33: 10 | G33: 9 | H33: 8 | I33: 8 | J33: غالبًا ماتكون واضح يعطيك العافية. | K33: 8 | L33: 7 | M33: 9 | N33: 8 | O33: أشوف من الجيد نشد على الموظفين الجدد، لكن لا ننسى أن التأقلم في فريقنا مب أسهل شيء. فعادي لو ياخذ الموظف وقته بشكل منطقي، لكن يهمني ما نخسر الناس الجيدة بالضغط عليهم طوال الوقت. | P33: 8 | Q33: 8 | R33: 7 | S33: 8 | T33: أظن قربك الحالي بشكل عام ممتاز، تعرف متى تشد ومتى ترخي على الفريق. فشكري الجزيل. | U33: 9 | V33: 9 | W33: 8 | X33: 8 | Y33: دائمًا ما تكون متعطش لتطوير الجميع. | AA33: ما أقولها مجاملة، لكن صدقًا لا أظن أن فيه شخص يعرف كيف يتعامل مع ثمانية «في الأعمال» كثره. | AB33: بمجرد الإرسال، سيتم اعتماد تقييمك حول مديرك. هل أنت متأكد؟ | AC33: TRUE | AF33: =AVERAGE(U33:X33,P33:S33,K33:N33,F33:I33) -> 8.25
A34: RGKq7p9 | B34: V7jEOj | C34: 45776.691 | D34: شهاب | E34: فيصل الغامدي | F34: 7 | G34: 5 | H34: 6 | I34: 5 | K34: 4 | L34: 6 | M34: 8 | N34: 5 | O34: يفوض، لكن أحيانًا يتدخل في تفاصيل وصغيرة الأمور. | P34: 5 | Q34: 7 | R34: 5 | S34: 6 | U34: 5 | V34: 7 | W34: 7 | X34: 6 | Y34: لا | Z34: لا | AA34: شاركت كثير لكن دون جدوى | AB34: بمجرد الإرسال، سيتم اعتماد تقييمك حول مديرك. هل أنت متأكد؟ | AC34: TRUE | AF34: =AVERAGE(U34:X34,P34:S34,K34:N34,F34:I34) -> 5.875
A35: jaeLBla | B35: 4DkpLk | C35: 45741.811 | D35: جمانة سكلوع | E35: لينا الشهري | F35: =AVERAGE(F36:F37) -> 9 | G35: =AVERAGE(G36:G37) -> 9 | H35: =AVERAGE(H36:H37) -> 9 | I35: =AVERAGE(I36:I37) -> 9 | J35: الأفضل في وضع الأولويات وجعلها واضحة بين الفريق | K35: =AVERAGE(K36:K37) -> 9.5 | L35: =AVERAGE(L36:L37) -> 9.5 | M35: =AVERAGE(M36:M37) -> 9.5 | N35: =AVERAGE(N36:N37) -> 9.5 | O35: طريقة العمل محفزة، وفي إحسان بالحرص على موازنة كمية المهام | P35: =AVERAGE(P36:P37) -> 8.5 | Q35: =AVERAGE(Q36:Q37) -> 9 | R35: =AVERAGE(R36:R37) -> 9.5 | S35: =AVERAGE(S36:S37) -> 8.5 | T35: ممتنة لجو التعاون الإيجابي الموجود في الفريق | U35: =AVERAGE(U36:U37) -> 9 | V35: =AVERAGE(V36:V37) -> 8.5 | W35: =AVERAGE(W36:W37) -> 9.5 | X35: =AVERAGE(X36:X37) -> 9.5 | Y35: الجهود كافية ووافية 🌟 | AB35: بمجرد الإرسال، سيتم اعتماد تقييمك حول مديرك. هل أنت متأكد؟ | AC35: TRUE | AF35: =AVERAGE(U35:X35,P35:S35,K35:N35,F35:I35) -> 9.125
A36: EkqLBQL | B36: 6zKxgo | C36: 45740.753 | D36: وفاء العتيبي | E36: لينا الشهري | F36: 9 | G36: 9 | H36: 9 | I36: 9 | J36: - | K36: 9 | L36: 9 | M36: 9 | N36: 9 | O36: - | P36: 9 | Q36: 9 | R36: 9 | S36: 9 | T36: - | U36: 9 | V36: 9 | W36: 9 | X36: 9 | Y36: - | AB36: بمجرد الإرسال، سيتم اعتماد تقييمك حول مديرك. هل أنت متأكد؟ | AC36: TRUE | AF36: =AVERAGE(U36:X36,P36:S36,K36:N36,F36:I36) -> 9
A37: 9qNO41Y | B37: ANkrGy | C37: 45760.564 | D37: أحمد عيد | E37: لينا الشهري | F37: 9 | G37: 9 | H37: 9 | I37: 9 | J37: لا اواجه اي مشكلة هنا | K37: 10 | L37: 10 | M37: 10 | N37: 10 | O37: - | P37: 8 | Q37: 9 | R37: 10 | S37: 8 | T37: لو ممكن نشوي اجتماع نتبادل فيها خبرات كل فرد بحيث نفيد بعد كفريق | V37: 8 | W37: 10 | X37: 10 | Y37: - | Z37: لو نرجع نجتمع من جديد بكل دوري مرتين اسبوعيا بيكون امر لطيف .. الاجتماع بالنسبة أمر بسد بيه فجوة العمل عن بعد | AB37: بمجرد الإرسال، سيتم اعتماد تقييمك حول مديرك. هل أنت متأكد؟ | AC37: TRUE | AF37: =AVERAGE(U37:X37,P37:S37,K37:N37,F37:I37) -> 9.2666667
A38: kdb07gJ | B38: LBgpXO | C38: 45756.614 | D38: عبدالله مقيبل | E38: محمد الحرازي | F38: 6 | G38: 5 | H38: 7 | I38: 7 | J38: ممكن نتناقش عن تقسيم المهام بشكل دائم مع الفريق و نقسم تقسيمة معتدلة لكل شخص | K38: 6 | L38: 7 | M38: 5 | N38: 4 | O38: كل شخص عندة ظروفة و حياتة الخارجية الي صعب احيانا يصرح عنها ، وكل شخص يحاول يعطي العمل حقة و يقفل العمل بي اكمل وجه و برضو يعطي لحياته الخارجية حقها ، بس . و لازم نعرف انو لكل مهمه لها تحدياتها و كل حلقة او تشويقة نشتغل عليها لابد يكون فيها تحدي معين ، وما اذكر اني قد اشتغلت على مهمة وما كان فيها تحدي من الإنتاج او في التحرير و آلخ.. ، و يأخرني ، فلازم نحسب حساب هذا الشي | P38: 6 | Q38: 7 | R38: 7 | S38: 3 | T38: لا يوجد | U38: 5 | V38: 6 | W38: 6 | X38: 9 | Y38: لا يوجد | Z38: لا يوجد | AA38: لا يوجد | AB38: بمجرد الإرسال، سيتم اعتماد تقييمك حول مديرك. هل أنت متأكد؟ | AC38: TRUE | AF38: =AVERAGE(U38:X38,P38:S38,K38:N38,F38:I38) -> 6
A39: b5Z2Dv7 | B39: Ee22p4 | C39: 45760.507 | D39: عمر صافية | E39: محمد الحرازي | F39: 5 | G39: 6 | H39: 8 | I39: 6 | J39: أتمنى تعيين مدير عمليات يكون لديه الإطلاع والتنسيق بين تقاطعات الفرق المختلفة لتجنب المهام في اللحظات الأخيرة أو تجنب تمطيط المهام بلا داعي | K39: 8 | L39: 7 | M39: 8 | N39: 7 | O39: أن يكون أوضح فيما يتوقعه مني، وأن يحفزني ويوجهني لمكامن قوتي | P39: 7 | Q39: 7 | R39: 7 | S39: 6 | T39: أن يكون هناك لحمة وتفاعل أكبر بين الفريق وتعرف أكبر على بعضهم الآخر، وأن نجري اجتماعات أكبر فهي كفيلة بخلق تبادل إبداعي | U39: 5 | V39: 6 | W39: 6 | X39: 7 | Y39: أن يدلني أكثر على مكامن القوة التي يجب استغلالها، وينبهني على مكامن الضعف التي ينبغي تحسينها | AB39: بمجرد الإرسال، سيتم اعتماد تقييمك حول مديرك. هل أنت متأكد؟ | AC39: TRUE | AF39: =AVERAGE(U39:X39,P39:S39,K39:N39,F39:I39) -> 6.625
A40: zxE0vL8 | B40: 8VAldo | C40: 45754.825 | D40: محمد نور | E40: محمد الحرازي | F40: 7 | G40: 7 | H40: 7 | I40: 7 | J40: جيد جدا وتحسن ملحوظ في ترتيب المهام والاوليات | K40: 8 | L40: 7 | M40: 6 | N40: 6 | O40: تحسن ملحوظ في عدة نواحي ابرزها الذكاء العاطفي | P40: 7 | Q40: 7 | R40: 7 | S40: 8 | T40: اتوقع امورنا تمام ، مافي بالي شي معين | U40: 7 | V40: 7 | W40: 7 | X40: 7 | Y40: ليس لدي شي اضافي ، وفي اعتقادي ان الرغبة في التطوير والتطور ينبع من النفس | AB40: بمجرد الإرسال، سيتم اعتماد تقييمك حول مديرك. هل أنت متأكد؟ | AC40: TRUE | AF40: =AVERAGE(U40:X40,P40:S40,K40:N40,F40:I40) -> 7
A41: jae0YaR | B41: PWrKpx | C41: 45744.008 | D41: مرام الضبيبان | E41: محمد الحرازي | F41: 6 | G41: 7 | H41: 7 | I41: 7 | J41: احيان أولويات الفريق داخليًا تختلف عن توقعات الفرق الاخرى. وابو هاني ما يقصّر في إيضاح أولوياتنا للجميع، لكن يُفضل لو تتم هذه العملية في وقت ابكر حتى ما يتفاجئ فريقنا بمهام إضافية. | K41: 8 | L41: 7 | M41: 8 | N41: 5 | O41: ابو هاني ما يقصّر في تقديم الدعم متى ما طُلب منه، وتشجيع الفريق، وتوزيع العمل بما يضمن تحقيق جميع المستهدفات. ولكن احيان مع كثرة الضغط تطلع نبرة في الخطاب والتواصل تشعرنا احيان بعدم التقدير. | P41: 6 | Q41: 8 | R41: 6 | S41: 8 | T41: اكثر شيء احبه هو عندما نتحدث كفريق حتى نفكر معًا بصوت عالِ لإتخاذ قرارات تغير طري عملنا، او تجعلنا نخطو خطوات ابعد في مهامنا اليومية. لذا اشكر ابو هاني على كل لحظة يجلس فيها ويشرح لنا ما فباله لتطوير العمل وتحسينه. فقط اود لو نراعي موضوع الدعم المعنوي والتشجيع، لانه اكثر شيء نحتاجه كفريق في لحظات الضغط وهو اكثر شيء يساعدنا لتجاوز العقبات. | U41: 8 | V41: 5 | W41: 9 | X41: 9 | Y41: ابو هاني ما يقصّر كذلك في دعم التفكير الإبداعي والإنصات لكل فكرة جديدة قد تساعدنا كفريق للعمل بجودة وفعالية اكثر. فقط اود لو نكثّف جانب المرئيات اكثر. الوعي بجوانب التحسين والتطوير مهم وضروري؛ حتى اضمن دائمًا ان اعمل كنسخة افضل من ذاتي ضمن هذا الفريق الرائع. | Z41: شكرًا جزيلًا على كل ما تقوم به لجعل الفريق يعمل بأفضل شكل ممكن. ممتنه ومقدرة لجميع جهودك. اجزم ان عدد مخرجاتنا كفريق تضاعف منذ انضمامك للعمل معنا، وهذا بحد ذاته يجعلني فخورة اني اعمل ضمن فريق انت قائدة. فقط أود لو نراعي التواصل فيما بيننا، ماذا لو كان هنا اجتماع شهري يجمعنا بك، ويجعلنا نناقش معك المهام المنجزة ومشاكلها والمهام المستقبلية. ايضًا بودّي لو نراعي جوانب الدعم والتشجيع، لما اسمع كلمة كفو منك تزيد ثقتي بنفسي واسعى لتقديم الأكثر. كذلك لو نراعي أسلوب الخطاب والتواصل اثناء لحظات الضغط، فالكل يسعى لتقديم الأفضل. كل ما قلته لا ينفي إدراكي لحجم المسؤولية والمهام الذي تشرف عليها وتقوم بها، ومقدرة جدًا لجهودك وسعيدة اني اعمل ضمن إدارتك. | AB41: بمجرد الإرسال، سيتم اعتماد تقييمك حول مديرك. هل أنت متأكد؟ | AC41: TRUE | AF41: =AVERAGE(U41:X41,P41:S41,K41:N41,F41:I41) -> 7.125
A42: kdb01Gj | B42: Ml8VxA | C42: 45754.534 | D42: شهد البقمي | E42: محمد الحرازي | F42: 7 | G42: 7 | H42: =AVERAGE(H43:H49) -> 8.8380952 | I42: =AVERAGE(I43:I49) -> 8.3428571 | J42: - | K42: =AVERAGE(K43:K49) -> 9.3238095 | L42: =AVERAGE(L43:L49) -> 8.1238095 | M42: =AVERAGE(M43:M49) -> 9.5047619 | N42: 7 | O42: - | P42: =AVERAGE(P43:P49) -> 8.9904762 | Q42: =AVERAGE(Q43:Q49) -> 8.3714286 | R42: =AVERAGE(R43:R49) -> 8.9047619 | S42: 7 | T42: - | U42: =AVERAGE(U43:U49) -> 6.5333333 | V42: =AVERAGE(V43:V49) -> 7.552381 | W42: =AVERAGE(W43:W49) -> 8.0285714 | X42: =AVERAGE(X43:X49) -> 9.4095238 | Y42: - | Z42: يعطيك العافية، على الجهد اللي تبذله، والتشجيع المتواصل اللي تقدمه، والنصح والتوجيه المستمر في كل مره أحتاج له -أعتقد أن الأشياء اللي تصير للانسان مؤخرًا هي اللي تستحضرها ذاكرته في أي تجربة كتابة أو عصف ذهني مثل هذا :) بودي أشكرك على جلسة مصممي الموشن الأخيرة، كانت صدقًا تجربة مفيدة، خاصة أن أغلبنا يعمل عن بعد، ففرص التواصل المثري غالبًا ضئيلة. أعتقد أن تلك الساعة خلقت تجربة رائعة لتبادل الخبرات والأراء والنصائح، أو على أقل تقدير أدركت خلالها معنى أن تكون ضمن فريق بشكل حقيقي- | AB42: بمجرد الإرسال، سيتم اعتماد تقييمك حول مديرك. هل أنت متأكد؟ | AC42: TRUE | AF42: =AVERAGE(U42:X42,P42:S42,K42:N42,F42:I42) -> 8.1202381
A43: Zj9GBdo | B43: x1z9oG | C43: 45736.759 | D43: ريان بكيل | E43: محمد الحرازي | F43: 7 | G43: 4 | H43: 10 | I43: 10 | J43: قائد وكفو يعطيك العافية، ياليت بس نقلل من الاتصالات الهاتفية ونحاول نكتب ونوثّق كل شيء في بيسكامب. موارد الفريق مبعثرة وتحتاج متابعة. | K43: 10 | L43: 6 | M43: 10 | N43: 10 | O43: سبق وتناقشنا عن استقطاب محررين لمعيشة «من شهور» وحتى هذه اللحظة ما جاء أحد، قلّة العدد مضر وجالسين نناقض الشييت تبع فريق التحرير. | P43: 10 | Q43: 7 | R43: 10 | S43: 8 | T43: المشاورات غالبًا تصير في الاتصالات الهاتفية، مما يقلل من وضوحها والرجوع لها. | U43: 7 | V43: 7 | W43: 8 | X43: 9 | Y43: تختفي وتسكت كثير، أنا تعودت على السباحة والرمي في البحر ههههه بس حلو لو تخش معنا في اللوب. أيضًا موضوع الاتصالات الهاتفية يؤثر هنا. | AB43: بمجرد الإرسال، سيتم اعتماد تقييمك حول مديرك. هل أنت متأكد؟ | AC43: TRUE | AF43: =AVERAGE(U43:X43,P43:S43,K43:N43,F43:I43) -> 8.3125
A44: Zj9G7yv | B44: ANWdQe | C44: 45754.455 | D44: أنس الخليل | E44: محمد الحرازي | F44: 9 | G44: 9 | H44: 10 | I44: 9 | J44: شعرت في السابق كان فيه بعض اللخبطة في مهامي ولكن آخر فترة صار الوضع مترتب أكثر وأفضل من السابق، ولو نتابع بهذا المنوال بيكون ممتاز | K44: 10 | L44: 10 | M44: 10 | N44: 8 | O44: صراحة مثل ما ذكرت في المرئية السابقة أشعر في البداية كان فيه شوية تحديات ولكن أشعر مؤخرًا أصبحت طريقة العمل أفضل وكل شخص واضح له المطلوب منه، وبرضو في الفزعات ما تقصّر معنا .. يمكن لو عندي شيء أذكره واللي هو شيء أفهم أنه قد يكون خارج عن الإرادة، ولكن أحيان كثير العمل في الويكند ولساعات متأخرة قد يكون شيء ودي يترتب أكثر ويصير ما نضطر كثير أحيان نشتغل في الويكند | P44: 8 | Q44: 10 | R44: 8 | S44: 7 | T44: أشعر وصلنا مرحلة جيدة من التفاهم بيننا جميعًا كفريق، وهذا بالطبع يرجع لجهودك في الاجتماعات اللي نسويها كل فترة ونجتمع كلنا ونتناقش عن تحدياتنا وما إلى ذلك، ولكن في نفس الوقت أشعر أحيانًا أنه فريقنا مب مرره مجتمعين سوا (كأننا عائلة مشتتة ههههه) يعني أشعر باقي الفرق كذا دايم تلقاهم سوا بس حنا نادر نجتمع سوا (بالصدق مش إلكترونيًا) فأحس يبيلنا نصير نتجمع سوا أكثر (مثلًا نخلّي اجتماع الأخبار والتحديثات على غدا زي سوبرانوس خخخ، بس صدق أحس أنه بيكون شي رائع ويقربنا من بعض أكثر | U44: 7 | V44: 8 | W44: 9 | X44: 10 | Y44: أتوقع بيكون حلو لو نصير نجرّب أشياء جديدة وأعرف أنه هذه الخطة اللي تناقشنا فيها وقلنا بنحاول نصير نجرّب أشياء جديدة أو أشياء حنا نحبها وسويناها من قبل بس وقفنا نسويها، فهذا صراحة اللي ودي فيه حاليًا، ودي نصير نقدر نرجع نجرّب في أشياء حنا شغوفين تجاهها | Z44: متحمّس للمرحلة القادمة، وأشعر بعد الفترة القادمة راح يكون عندي مرئيات أكثر، أما بالنسبة للفترة الماضية أشوف أنها كانت جيدة جدًا، تبنّينا أساليب عمل جديدة ومرنة، وبرضو وصلنا مرحلة ممتازة من التواصل ومن التفاهم بيننا، وبرضو الاستقلالية زادت واللي هو شيء مهم بالنسبة لي وأكيد بالنسبة لك .. وشكرًا على الجهود :) | AB44: بمجرد الإرسال، سيتم اعتماد تقييمك حول مديرك. هل أنت متأكد؟ | AC44: TRUE | AF44: =AVERAGE(U44:X44,P44:S44,K44:N44,F44:I44) -> 8.875
A45: vGXqGAl | B45: xE6M9J | C45: 45755.98 | D45: رؤى بوصالح | E45: محمد عطالله | F45: 10 | G45: 8 | H45: 8 | I45: 5 | J45: مديري يحدد الأولويات فنحن نعرف خطواتنا القادمة دائمًا، لكن ينقصنا الاتفاق على تاريخ تسليم محدد حتى نضبط التوقعات وننجز بوضوح. كذلك الاحظ إن هناك مهام كثيرة مفتوحة ما نعرف أيش وضعها، أظن مهم تراجع بشكل دوري بحيث نجدولها أو نحذفها تمامًا لأن وجودها بدون متابعة بهذا الشكل يسبب لخبطة وعدم وضوح. والحقيقة أنا أقدر جهود أبوكريم لأنه يؤدي عدة أدوار في نفس الوقت لكن أعتقد وجود مدير مشروع أو منتج في الفريق راح يساعد كثير. | K45: 9 | L45: 7 | M45: 10 | N45: 10 | O45: التوجه التقني وتصميم الحلول على مستوى المهام والدورات مبهر، لكن ينقصنا وجود آلية عمل واضحة متفق عليها من قبل جميع المطورين. اقترح تطوير دليل إرشادي يشمل تفاصيل دورة التطوير كاملة من كتابة الكود ومراجعته والمتابعة والتوثيق والاختبار وحتى الرفع بحيث ما يكون الموضوع محط تساؤل واجتهاد شخصي في كل مرة. من قبل كانت الأمور بسيطة ولكن الآن الفريق كبر والمشاريع صارت معقدة شوي، فوجود آلية عمل واضحة راح تحسن جودة المخرجات وتسهل التواصل بين الفريق. | P45: 10 | Q45: 8 | R45: 9 | S45: 9 | T45: كل الشكر على الأسلوب السمح والتفهم الدائم. طابع الاجتماعات اليومية جدي بعض الشيء، حلو لو يكون في حديث جانبي سريع (icebreaker) مع الفريق من وقت لآخر لتلطيف الجو. | U45: 4 | V45: 8 | W45: 4 | X45: 9 | Y45: مديري يشجعنا باستمرار ويقدر كل الجهود جزاه الله خير. اجتماع المحطة مفيد في تحديد جوانب التطوير، لكن بيكون ممتاز لو فيه توجيه فردي مباشر خلال الأيام العادية يساعد في تحقيق الأهداف بخطوات عملية. | AB45: بمجرد الإرسال، سيتم اعتماد تقييمك حول مديرك. هل أنت متأكد؟ | AC45: TRUE | AF45: =AVERAGE(U45:X45,P45:S45,K45:N45,F45:I45) -> 8
A46: dWE5OON | B46: ajkeRq | C46: 45741.816 | D46: محمد علاء | E46: محمد عطالله | F46: =AVERAGE(F47:F49) -> 8.8666667 | G46: =AVERAGE(G47:G49) -> 8.7333333 | H46: =AVERAGE(H47:H49) -> 8.4666667 | I46: =AVERAGE(I47:I49) -> 8.6 | J46: المدير يتميز بوضوح ممتاز في توجيه الفريق وتحديد الأولويات، مما يسهل تنفيذ المهام بكفاءة. ومع ذلك، سيكون من المفيد الحصول على رؤية أوضح لاتجاه بيزنس العمل لفترة مستقبليه لا تقل عن 4 أشهر، وذلك لتجنب المفاجآت المتعلقة بالمهام الجديدة أو إضافة الميزات، مما يساعد في التخطيط الأفضل وتنظيم العمل بفعالية. | K46: =AVERAGE(K47:K49) -> 9.0666667 | L46: =AVERAGE(L47:L49) -> 8.4666667 | M46: =AVERAGE(M47:M49) -> 9.1333333 | N46: =AVERAGE(N47:N49) -> 9.1333333 | O46: حاليًا، لا توجد لدي ملاحظات أو اقتراحات بخصوص طريقة العمل، لكن إن وجدت أي نقاط تستحق التطوير مستقبلاً، سأحرص على مشاركتها. | P46: =AVERAGE(P47:P49) -> 8.7333333 | Q46: =AVERAGE(Q47:Q49) -> 8.4 | R46: =AVERAGE(R47:R49) -> 8.8333333 | S46: =AVERAGE(S47:S49) -> 8.75 | T46: أرى أن أسلوب القيادة واضح وفعّال، وحاليًا لا توجد لدي ملاحظات. | U46: =AVERAGE(U47:U49) -> 6.9333333 | V46: =AVERAGE(V47:V49) -> 7.4666667 | W46: =AVERAGE(W47:W49) -> 8.8 | X46: =AVERAGE(X47:X49) -> 9.4666667 | Y46: يمكن تعزيز الدعم والتطوير من خلال اقتراح كتب دورية للقراءة في مختلف تخصصات الفريق، مما يساعد في توسيع المعرفة وتحفيز التطوير الذاتي لكل فرد وفقًا لمجال عمله. | Z46: شكرًا على دعمك المستمر وجهودك الدائمة في تطوير الفريق! 🙌 | AA46: لا يوجد شيء لمشاركته، شكرًا لكم على مجهوداتكم. 😊 | AB46: بمجرد الإرسال، سيتم اعتماد تقييمك حول مديرك. هل أنت متأكد؟ | AC46: TRUE | AF46: =AVERAGE(U46:X46,P46:S46,K46:N46,F46:I46) -> 8.615625
A47: BzE8NoA | B47: aP0Orb | C47: 45742.277 | D47: نعيم أشلحي | E47: محمد عطالله | F47: =AVERAGE(F48:F52) -> 8.6 | G47: =AVERAGE(G48:G52) -> 8.2 | H47: =AVERAGE(H48:H52) -> 8.4 | I47: =AVERAGE(I48:I52) -> 8.8 | J47: الأمور واضحة كأننا نقرأ من ورقة .. | K47: =AVERAGE(K48:K52) -> 9.2 | L47: =AVERAGE(L48:L52) -> 8.4 | M47: =AVERAGE(M48:M52) -> 9.4 | N47: =AVERAGE(N48:N52) -> 9.4 | O47: دائما حاضر عندما نحتاجه .. | P47: =AVERAGE(P48:P52) -> 8.2 | Q47: =AVERAGE(Q48:Q52) -> 8.2 | R47: =AVERAGE(R48:R52) -> 8.5 | S47: =AVERAGE(S48:S52) -> 8.25 | T47: يخلي الفريق قلب واحد .. | U47: =AVERAGE(U48:U52) -> 6.8 | V47: =AVERAGE(V48:V52) -> 7.4 | W47: =AVERAGE(W48:W52) -> 8.4 | X47: =AVERAGE(X48:X52) -> 9.4 | Y47: هو يطوّر لا يضغط .. | Z47: شكرا لأنك أفضل مدير يمكن الحصول عليه .. | AA47: لا شيء.. لكن شكرا لأنكم تسألون .. | AB47: بمجرد الإرسال، سيتم اعتماد تقييمك حول مديرك. هل أنت متأكد؟ | AC47: TRUE | AF47: =AVERAGE(U47:X47,P47:S47,K47:N47,F47:I47) -> 8.471875
A48: Zj9vDoV | B48: r0q9Zo | C48: 45753.414 | D48: محمود فرح | E48: محمد عطالله | F48: 9 | G48: 9 | H48: 8 | I48: 8 | J48: كله تمام 👌🏻 | K48: 9 | L48: 8 | M48: 9 | N48: 9 | O48: تمام التمام 👌🏻 | P48: 9 | Q48: 8 | R48: 9 | S48: 9 | T48: يعطيك ألف عافية🙏🏻 | U48: 8 | V48: 8 | W48: 8 | X48: 9 | Y48: أعتقد نحتاج خطة لتطوير مهارات الفريق بشكل عام. | AB48: بمجرد الإرسال، سيتم اعتماد تقييمك حول مديرك. هل أنت متأكد؟ | AC48: TRUE | AF48: =AVERAGE(U48:X48,P48:S48,K48:N48,F48:I48) -> 8.5625
A49: ob9kRjP | B49: y07ag6 | C49: 45736.767 | D49: إسماعيل شجر | E49: محمد عطالله | F49: 9 | G49: 9 | H49: 9 | I49: 9 | J49: لا شيء | K49: 9 | L49: 9 | M49: 9 | N49: 9 | O49: لا شيء | P49: 9 | Q49: 9 | R49: 9 | S49: 9 | T49: لا شيء فقط اريد ان اشكرك علي الاعتماد علي محمود فرح مما جعل فعلا الانتاجية منك و منا كفريق افضل :) | U49: 6 | V49: 7 | W49: 10 | X49: 10 | Y49: نحتاج ان نضع خطط للتطوير المهني و خاصة الدورات التقنية مما يفيد الشركة و الفريق | AA49: من افضل ما اتاحة محمد عطالله هو جعل محمود فرح نائبا له فيما يتعلق بمهام التنظيم و ادارة المهام و المتابعة فهو يقوم بكثير من المهام القيادية مع محمد عطالله في الفريق مما ساعدنا و ساعد محمد عطالله كثيرا نسبه لنقص القادة في فريق التقنية ككل . | AB49: بمجرد الإرسال، سيتم اعتماد تقييمك حول مديرك. هل أنت متأكد؟ | AC49: TRUE | AF49: =AVERAGE(U49:X49,P49:S49,K49:N49,F49:I49) -> 8.8125
A50: 9qN45Y1 | B50: lXZAOV | C50: 45756.924 | D50: ميس الحراكي | E50: محمد عطالله | F50: 9 | G50: 9 | H50: 8 | I50: 10 | J50: إشراك الفريق في قرارات تحديد الأولويات مع فهم أسباب أهمية هذه الأولويات لتعزيز روح المسؤولية تجاه إنجازها في أسرع وقت. | K50: 10 | L50: 8 | M50: 10 | N50: 10 | O50: تفعيل العمل المشترك على المهام بين أعضاء الفريق، بحيث يعمل اثنان على حل مهمة مشتركة بطريقة pair programming لتعزيز المشاركة وتحفيز أفكار إبداعية جديدة. | P50: 8 | Q50: 7 | T50: المهام عادة تسند لكل مطور على حدى، فلا يكون هناك عمل مشترك بين مطورين أو أكثر، كما ذكرت في المرئيات السابقة، وحيث أن المطورين يميلون عادة للعمل بشكل فردي، فالتشجيع الإضافي أو دفعنا للعمل معًا (في نفس الوقت وتجاه نفس الأهداف) في بعض الأوقات مهم جدًا، كثير من الأفكار تظهر حين التفاعل (لحظيًا) بين مطوّرَين أو أكثر. | U50: 8 | V50: 8 | W50: 9 | X50: 10 | Y50: كله تمام. :) | AB50: بمجرد الإرسال، سيتم اعتماد تقييمك حول مديرك. هل أنت متأكد؟ | AC50: TRUE | AF50: =AVERAGE(U50:X50,P50:S50,K50:N50,F50:I50) -> 8.8571429
A51: q45gNP2 | B51: EeJYGL | C51: 45753.581 | D51: محمد السعدون | E51: مشاري الحمود | F51: 8 | G51: 7 | H51: 8 | I51: 8 | J51: بناء الوجهة والطموح للفريق (المرئيات) بشكل أكثر وضوحا التواصل مع الفريق بشكل دوري المساعدة في إيجاد الفُرص | K51: 9 | L51: 9 | M51: 10 | N51: 10 | O51: - | P51: 7 | Q51: 8 | R51: 8 | S51: 8 | T51: من يعرّف لماذا لفريقه سيسهل عليه أن يكون قائداً. | U51: 6 | V51: 7 | W51: 7 | X51: 9 | Y51: - | Z51: تمنياتي لك بالتوفيق | AB51: بمجرد الإرسال، سيتم اعتماد تقييمك حول مديرك. هل أنت متأكد؟ | AC51: TRUE | AF51: =AVERAGE(U51:X51,P51:S51,K51:N51,F51:I51) -> 8.0625
A52: PdRegK5 | B52: dXOM0K | C52: 45760.493 | D52: ثمود | E52: مشاري الحمود | F52: 8 | G52: 7 | H52: 9 | I52: 9 | J52: هي مشكلة أزلية في كل الفرق، لكن نحتاج طريقة فعالة في التواصل المستمر بين الفريق. في بعض الأحيان تغيب تفاصيل أو مستجدات بسبب قلة التواصل | K52: 9 | L52: 8 | M52: 9 | N52: 9 | O52: قد يشعر الموظف بأن الإدارة ما تشوف المنتج النهائي. الاستقلالية جميلة، لكن الموظف أحيانا مثل الطفل الصغير الي يدور رضا الوالدين، كلمة طيبة او حتى توجيه بالتحسين ونصيحة واضحة ممكن تحغز | P52: 8 | Q52: 9 | R52: 8 | S52: 7 | T52: لا يوجد | U52: 6 | V52: 7 | W52: 8 | X52: 9 | Y52: لعل التنويع بين المهام الابداعية بحيث يتم ادخال الموظفين في برامج مختلفة كمشاركة في انتاج حلقة سيساعد على تجدد النشاط كونه نوع من التغيير وأيضًا يزيد الترابط والتقاطع مع بقية الفريق | AA52: شكرًا على كل الجهود | AB52: بمجرد الإرسال، سيتم اعتماد تقييمك حول مديرك. هل أنت متأكد؟ | AC52: TRUE | AF52: =AVERAGE(U52:X52,P52:S52,K52:N52,F52:I52) -> 8.125
A53: RGWal5Q | B53: e899Qk | C53: 45754.505 | D53: مخلف | E53: مشاري الحمود | F53: 10 | G53: 8 | H53: 8 | I53: 10 | J53: أكثر شيء أحبه بأبو حمود وضوحه. | K53: 10 | L53: 8 | M53: 10 | N53: 8 | O53: أنا أشهد إنه عون متى ما احتاجه أحد. | P53: 8 | Q53: 8 | R53: 8 | S53: 8 | T53: لا يوجد. | U53: 6 | V53: 6 | W53: 8 | X53: 8 | Y53: ودّي أسمع منه وأستفيد من خبرته أكثر الصدق. | Z53: مقدّر انشغالك الفترة الماضية الله يقويك ويعينك، بس طمعان باجتماعات دورية ودّية مع الفريق ككل، نستفيد من تجارب بعض ونسمع من بعض. ومو شرط تكون على شكل اجتماع، يمكن تكون غداء أو عشاء أو قهوة. صدقني راح تفرق بنقل الخبرات والمهارات بيننا. | AA53: لا يوجد. | AB53: بمجرد الإرسال، سيتم اعتماد تقييمك حول مديرك. هل أنت متأكد؟ | AC53: TRUE | AF53: =AVERAGE(U53:X53,P53:S53,K53:N53,F53:I53) -> 8.25
A54: pbeXyBq | B54: QWNzXp | C54: 45737.942 | D54: عمر العمران | E54: مشاري الحمود | F54: 9 | G54: 8 | H54: 9 | I54: 9 | J54: مستهدفاته واضحة ومحفزة. | K54: 9 | L54: =AVERAGE(L55:L61) -> 9.3333333 | M54: =AVERAGE(M55:M61) -> 9.8333333 | N54: =AVERAGE(N55:N61) -> 9.6666667 | O54: جرّبت ثلاثة أنواع من المدراء في ثمانية. أحدهم يعطي مسؤولية وصلاحية كاملة دون أي متابعة أو مراجعة تقريبًا. وأحدهم العكس، يقيّد مساحة عمل من يعمل تحته. والصحيح ما يكون بينهما، وهو اللي يجيده مشاري؛ الاتزان الدقيق بينهما. | P54: =AVERAGE(P55:P61) -> 9.3333333 | Q54: 9 | R54: 9 | S54: =AVERAGE(S55:S61) -> 8.6666667 | T54: كذلك رأيته يوازن بين تقدير مُدخل الموظف من جهة، ورأيه المستحق كمدير من جهة. يعتمد كثيرًا على الموظفين تحته في الابتكار والإبداع، وهذا رائع. | U54: 9 | V54: 8 | W54: 8 | X54: 9 | Y54: نوعًا ما كان توجيهه لي أقل من المعدّل الكامل، ولكن ذلك متفهم من جهتي، وأعيده لحجم المسؤوليات وتعدد الموظفين تحته، واللي يجعله بشكل طبيعي مرتبط أكثر بالمشاريع والموظفين اللي يواجهون تحدّي، بينما ربما المشاريع اللي أعمل عليها وضعها مستقر أكثر. لكن مثلًا التقييم الدوري كان فرصة جيّدة لمشاركة المرئيات. وهذي ميزة هذه المبادرة، أنها تضمن الحد الأدنى من مشاركة المرئيات مع الموظفين، اللي قد ما تحصل بحال لم تكن موجودة؛ لأن المدير كما قلت طبيعي يهتم أكثر بالمشاريع والموظفين اللي وضعهم أقل استقرار. | Z54: أعتقد أكبر تحدّي يواجه الإنتاج، وثمانية بالعموم، هو التسويق + وصولية الابتكارات الجديدة. وأمانةً فيه تحسّن فيهم الإثنين؛ فدخول وديان حسّن كثير من وضع التسويق، وكذلك الاتجاه الأخير في ابتكار المنتجات الجديدة وتحوّل المنتجات القائمة نحو المحتوى المرئي بدلًا من الاقتصار على المحتوى المسموع والمكتوب فقط بيحسّن كثير من الأمر الثاني، والنتائج المبدئية لذا قال وجادي وأيضًا سابقًا مرتدة عندما خاض نفس التحوّل أعتقد تثبت جدوى هذا الاتجاه. ليش اعتبرت الأمر الثاني مرتبط بموظفين الإنتاج رغم أنه قد يبدو ارتباطه بثمانية ككل أكبر؟ لأن نجاح المنتج من الناحية التسويقية والوصولية من أهم محفزات العمل والاستمرار عليه. أكيد أن خالد عون تحمّس أكثر لمنتجه بعد الوصول الرائع لحلقات هالموسم. وأعتقد مرات كثيرة يكون المنتج نفسه جودته عالية ولكن يظلمه الوسط اللي يقدّم فيه: المسموع والمكتوب حصرًا، والواقع يقول أن المتلقي السعودي والعربي يميل وبضخامة ضخمة جدًا للمحتوى المرئي. «وصولية الابتكارات الجديدة» أتصوّر تتحقق بالتحوّل للوسط المرئي، ولكن أعتقد أيضًا تتحقق بجرأة أكبر في نوعية الضيوف والمنتجات الجديدة؛ لكون المنافسين محليًا وخليجيًا ببساطة يؤثرون علينا سلبًا بسبب ذلك. وربما كذلك بالاستثمار في منتج حواري جديد؛ فنجاح مربّع سابقًا ثم غيابه الآن يعني وجود مساحة لذلك. | AA54: حافظوا عليه. هههههههههه | AB54: بمجرد الإرسال، سيتم اعتماد تقييمك حول مديرك. هل أنت متأكد؟ | AC54: TRUE | AF54: =AVERAGE(U54:X54,P54:S54,K54:N54,F54:I54) -> 8.9270833
A55: 2Ej9NdA | B55: WlAL5R | C55: 45741.839 | D55: فارس الفرزان | E55: مشاري الحمود | F55: 9 | G55: 8 | H55: 9 | I55: 9 | J55: مافيه صراحة، رهيب والشغل معه واضح ومريح | K55: 9 | L55: =AVERAGE(L56:L61) -> 9.3333333 | M55: =AVERAGE(M56:M61) -> 9.8333333 | N55: =AVERAGE(N56:N61) -> 9.6666667 | O55: لا يوجد | P55: =AVERAGE(P56:P61) -> 9.3333333 | Q55: 9 | R55: 9 | S55: =AVERAGE(S56:S61) -> 8.6666667 | T55: لا يوجد | U55: 9 | V55: 8 | W55: 8 | X55: 9 | Y55: لا يوجد | AB55: بمجرد الإرسال، سيتم اعتماد تقييمك حول مديرك. هل أنت متأكد؟ | AC55: TRUE | AF55: =AVERAGE(U55:X55,P55:S55,K55:N55,F55:I55) -> 8.9270833
A56: Gxe2MBp | B56: ZAjaeV | C56: 45762.566 | D56: أحمد الحافي | E56: مشاري الحمود | F56: 8 | G56: 9 | H56: 10 | I56: 9 | J56: أعتقد أن الأولويات والتوقعات واضحة | K56: 10 | L56: 9 | M56: 10 | N56: 10 | O56: لا يوجد | P56: 10 | Q56: 10 | R56: 8 | S56: 10 | T56: لا يوجد | U56: 8 | V56: 10 | W56: 9 | X56: 10 | Y56: لا يوجد | AB56: بمجرد الإرسال، سيتم اعتماد تقييمك حول مديرك. هل أنت متأكد؟ | AC56: TRUE | AF56: =AVERAGE(U56:X56,P56:S56,K56:N56,F56:I56) -> 9.375
A57: Y5PD7q0 | B57: 0zobbA | C57: 45754.501 | D57: ثامر السنيدي | E57: مشاري الحمود | F57: 10 | G57: 10 | H57: 10 | I57: 8 | J57: مراجعة الأهداف جميعًا على الدوام أظنها بتكون فعّالة 👑 | K57: 10 | L57: 10 | M57: 9 | N57: 10 | O57: على هالوزنية وأفضل وفالنا الخير 🫡 | P57: 10 | Q57: 10 | R57: 10 | S57: 10 | T57: لا | U57: 9 | V57: 6 | W57: 10 | X57: 10 | Y57: أظن المرئيات بعد الأعمال بتكون ممتازة لو صارت شيء دائم ويمكن التقصير مني ما أطلبها 👨🏼‍🦼 | Z57: غداء وشاهي 🤝 | AA57: رائع والحفاظ عليه مكسب لسوق المحتوى ماهو بس لنا في ثمانية 🤝 | AB57: بمجرد الإرسال، سيتم اعتماد تقييمك حول مديرك. هل أنت متأكد؟ | AC57: TRUE | AF57: =AVERAGE(U57:X57,P57:S57,K57:N57,F57:I57) -> 9.5
A58: zxjxyjR | B58: Ee8bBr | C58: 45754.495 | D58: رهام الزعيبي | E58: مشاري الحمود | F58: 10 | G58: 9 | H58: 9 | I58: 10 | J58: التواصل لدى مشاري رائع، ويعجبني دائمًا كيف يرتب الأولويات، ويجعلها واقعية وتصب في مصلحة الموظف والعمل. | K58: 10 | L58: 9 | M58: 10 | N58: 10 | O58: لا يوجد. | P58: 10 | Q58: 10 | R58: 10 | S58: 10 | T58: قائد رائع. | U58: 8 | V58: 10 | W58: 10 | X58: 10 | Y58: داعم في كل وقت، وممتنين دائمًا لتواجده رغم كثرة المسؤوليات. | AB58: بمجرد الإرسال، سيتم اعتماد تقييمك حول مديرك. هل أنت متأكد؟ | AC58: TRUE | AF58: =AVERAGE(U58:X58,P58:S58,K58:N58,F58:I58) -> 9.6875
A59: 44Q404O | B59: VaDyXy | C59: 45769.399 | D59: لينا عامر | E59: معاذ المغذوي | F59: 9 | G59: 9 | H59: 9 | I59: 9 | J59: أستاذ في ترتيب الأولويات، أو حتى ضبطها مابيننا بدون ضغط أو توتر مهما كانت الأمور طارئة، وهذا يحفز الجميع لتظاهر أفضل ماعنده. | K59: 8 | L59: 9 | M59: 10 | N59: 10 | O59: في كل مرّة أشاركك لطلب استشارة أو مساعدة أعرف إنك ماراح تتردد، وهذا يخلي ثقة عالية في طريقة العمل مابيننا. | P59: 9 | Q59: 9 | R59: 9 | S59: 9 | T59: ضبط جلسات العصف الذهني والاجتماعات بشكل أكبر بين الفريق ككل، وهي مسؤولية مشتركة من جهتي كذلك، من الرائع تبادل الخبرات والمرئيات بين الفريق الابداعي. | U59: 8 | V59: 8 | W59: 9 | X59: 10 | Y59: تسعدني دائمًا نصائحك وملاحظاتك البناءة حول ادارتي للفريق. | AB59: بمجرد الإرسال، سيتم اعتماد تقييمك حول مديرك. هل أنت متأكد؟ | AC59: TRUE | AF59: =AVERAGE(U59:X59,P59:S59,K59:N59,F59:I59) -> 9
A60: q4L48DY | B60: WeQg5L | C60: 45760.5 | D60: رزان | E60: معاذ المغذوي | F60: 10 | G60: 9 | H60: 9 | I60: 9 | J60: في بعض الأحيان كانت تواجهني صعوبة في فهم بعض أولويات المشاريع والمهام بشكل عام. مثال: مشروع ألعاب ثمانية بالتوازي مع دمج منصة ثمانية «الموقع+الاستضافة» والإعلانات. وأعتقد بسبب قلة الموارد الحالية قد يتطلب تحديد أولويات المشاريع | K60: 10 | L60: 10 | M60: 10 | N60: 10 | O60: جدًا متعاون ومتفهم. | P60: 10 | Q60: 10 | R60: 10 | S60: 8 | T60: لسا لازلنا أعتقد في مرحلة بناء الفريق... | U60: 9 | V60: 9 | W60: 9 | X60: 10 | Y60: تفرق كثير الاجتماعات الدورية في كل أسبوع التي يتخللها النقاط المذكورة :) | AB60: بمجرد الإرسال، سيتم اعتماد تقييمك حول مديرك. هل أنت متأكد؟ | AC60: TRUE | AF60: =AVERAGE(U60:X60,P60:S60,K60:N60,F60:I60) -> 9.5
A61: ODaQ1Qk | B61: YKdjY6 | C61: 45741.953 | D61: فؤاد الهتلان | E61: موفق العبيد | F61: 8 | G61: 6 | H61: 7 | I61: 9 | J61: لا أعتقد اني واجهت مشاكل في جدولة الأعمال بين بعضها مع موفق لكن الوضوح والأولويات تكون متفاوتة بسبب عدم استقلالية موفق فهو إلى الآن ليس لديه استقلالية كاملة في اتخاذ القرارات وهذا يسبب عدم الوضوح والأولويات ويعتمد بشكل كبير بأشخاص آخرين لاتخاذ بعض القرارات. | K61: 10 | L61: 9 | M61: 10 | N61: 8 | O61: موفق يفهم انه كل شخص لديه امكانياته وموهبته الخاصة ويحاول يحفز الجميع بانهم يطلعون أفضل ما عندهم لكن لابد من وجود قرارات صارمة تحرك الفريق ان كان هنالك قرارات من أعضاء الفريق قد تضره أو تضر الفريق مثل عدم رغبته في العمل بمشروع معين. | P61: 7 | Q61: 6 | R61: 9 | S61: 5 | T61: حتى نصل فريق متكامل يكون هناك تواصل مستمر بين القائد وأعضائه ويكون لكل شخص هدف واضح ووين كل شخص ممكن يساهم في تطوير الفريق. فلابد من وجود اجتماعات دورية نناقش فيها تحديات الفريق وكيف كل شخص ممكن يضيف حتى لا يصبح تعارض بين أعضاء في المشاريع وتحديدا في المشاريع المشتركة. | U61: 4 | V61: 6 | W61: 8 | X61: 10 | Y61: موفق يساهم في التحفيز في الأفكار والأعمال الإبداعية ويساعدني دايما لما أكون في مشكلة تحتاج الى حل ودائما مساند لي فيها لكن لا أجد نفسي أتطور من ناحية إبداعية ومهنية فالفريق بشكل عام إلى حد ما متشابهين في المستوى وهذا يصعب بأن يكون القائد في إعطاء مرئيات واضحة تساعد على تطوير الفريق إبداعيا ومهنيا ويصبح الأمر ذوق وآراء شخصية. | Z61: التواصل، التواصل، التواصل عادي اذا مافي وقت يكون في تحديثات بالبنق بدل ما تكون اجتماع طويل لكت ضروري يكون في تواصل مستمر في ما يخص الأعمال ويكون هنالك نظام نعمل عليه. وممكن يكون في مشروع بالبيسكامب خاص بالمخرجين وتكون المشاريع موجودة ونتناقش فيها وكيف نحسن من الفريق ككل. | AA61: ليش إلى الآن موفق لا يوجد لديه استقلالية في اتخاذ قرارته؟ كذلك فيما يخص التقييم الدوري بآرائه المكتوبة في التقييم تكون متأثرة بأشخاص آخرين وهذا لا يساعده بانه يتخذ قرارات بقناعاته. إلى هذي اللحظة يصعب علي التكيف في الفريق ولا أكون على طبيعيتي لانه يوجد تعارضات كثيرة بيني وبين موفق مثل اختلاف المهارات والخلفيات المهنية المختلفة بيننا. وهذا ينعكس أيضا على أعضاء الفريق | AB61: بمجرد الإرسال، سيتم اعتماد تقييمك حول مديرك. هل أنت متأكد؟ | AC61: TRUE | AF61: =AVERAGE(U61:X61,P61:S61,K61:N61,F61:I61) -> 7.625
A62: gDaeqPN | B62: P2Ko8b | C62: 45736.785 | D62: محمد الحقبانس | E62: موفق العبيد | F62: 9 | G62: 7 | H62: 9 | I62: 4 | J62: رائع موفق في ادارة الفريق الإبداعي، نحتاج نشوف جانب استراتيجي للقسم و وين رايحين وايش نبغى. احس هذا ينقصنا. | K62: 9 | L62: 10 | M62: 10 | N62: 10 | O62: لا يوجد أفضل منه. | P62: 8 | Q62: 10 | R62: 10 | S62: 10 | T62: هذا الجانب صراحة هو أكثر كفائة من غيره، يتفهم طريقة عملنا و يوصل التوجيهات من مدرائه لنا بطريقة رائعة وسهلة. | U62: 9 | V62: 5 | W62: 7 | X62: 10 | Y62: لا يوجد بسبب فترة نهاية السنة و مشاريع قبل رمضان و رمضان ما نتقاطع كثير لكثرة العمل بين الاقسام المختلفة. | AB62: بمجرد الإرسال، سيتم اعتماد تقييمك حول مديرك. هل أنت متأكد؟ | AC62: TRUE | AF62: =AVERAGE(U62:X62,P62:S62,K62:N62,F62:I62) -> 8.5625
A63: jaZ6pj4 | B63: XkjjlY | C63: 45739.577 | D63: سليمان صبحي | E63: موفق العبيد | F63: =AVERAGE(F64:F67) -> 6.25 | G63: 8 | H63: 9 | I63: 8 | J63: حتى هذه اللحظة لا. | K63: 10 | L63: =AVERAGE(L64:L67) -> 7 | M63: =AVERAGE(M64:M67) -> 5.75 | N63: =AVERAGE(N64:N67) -> 5.5 | O63: لا، لأنه دائما متواجد في الخدمة متى ما احتجته. | P63: =AVERAGE(P64:P67) -> 5.75 | Q63: =AVERAGE(Q64:Q67) -> 6.25 | R63: =AVERAGE(R64:R67) -> 6 | S63: 9 | T63: لا. | U63: 8 | V63: 7 | W63: =AVERAGE(W64:W67) -> 6.25 | X63: =AVERAGE(X64:X67) -> 7.75 | Y63: حتى هذه اللحظة لا. بسبب انه داعم لي في اغلب المشاريع، ويشاركني مرئياته باستمرار. | Z63: لا. | AA63: لا. | AB63: بمجرد الإرسال، سيتم اعتماد تقييمك حول مديرك. هل أنت متأكد؟ | AC63: TRUE | AF63: =AVERAGE(U63:X63,P63:S63,K63:N63,F63:I63) -> 7.21875
A64: EkKW2kX | B64: VBY0bN | C64: 45742.573 | D64: مهند باعارمه | E64: موفق العبيد | F64: 9 | G64: 8 | H64: 9 | I64: 9 | J64: موفق واضح جدًا والأولويات بشكل عام واضحة بالنسبة لي | K64: 10 | L64: 9 | M64: 10 | N64: 10 | O64: لا يوجد | P64: 9 | Q64: 9 | R64: 10 | S64: 9 | T64: لا يوجد | U64: 9 | V64: 9 | W64: 9 | X64: 10 | Y64: مايقصر موفق ومستهدفاتي الشخصية واضحة لي ورح تطورني وتخليني أجرب اشياء أكثر | Z64: شكرًا لك 🫶 | AA64: حبيبنا موفق لا تزعلوه 🤓 | AB64: بمجرد الإرسال، سيتم اعتماد تقييمك حول مديرك. هل أنت متأكد؟ | AC64: TRUE | AF64: =AVERAGE(U64:X64,P64:S64,K64:N64,F64:I64) -> 9.25
A65: Gx6dDMQ | B65: bXBBd1 | C65: 45762.266 | D65: جمال كتبي | E65: موفق العبيد | F65: 8 | G65: 10 | H65: 10 | I65: 9 | J65: موفق يصعّب عليك مرئيات التطوير، مثلا هو مميز في تبسيط الأفكار الفنية جدا وترجمتها لأسلوب تنفيذ، ودي انه يزيد واقعية واختبار الرؤى الفنية اللي نشتغل عليها. | K65: 10 | L65: 10 | M65: 10 | N65: 10 | O65: هي كلها 10 من 10 بسبب أني الآن صرت أفضل في نقاط التقييم أعلاه، بفضل الله ثم البيئة والتواصل الجيد اللي بيني وبين موفق، صرت أكثر انفتاحًا وطلبا للمشورة. طريقة العمل تسهّل عليك إنجاز المهام الكبيرة؛ بما أني مدرك التوقعات تماما. حتى صارت عادة بيني وبين موفق: يدخّلني المشروع، ونتقابل بعد ما نفكر ونصور ونحرر، ونتفق على نفس الإيجابيات والسلبيات. | P65: 10 | Q65: 10 | R65: 10 | S65: 10 | T65: تحديدا الأخيرة، في قرارات مهمة ولها انعكاس إيجابي على حماسنا لما تتم بالمشاورة، وهذه نقطة جيدة عند موفق. أذكر موقف جميل، كان عندي تصوير في جنوب جنوب الرياض، لفلم آخر أغا — جاء وتعنّى حتى يحضر ويشجع ثم ودّعنا وكتب في دردشة المشروع كلمتين طيبة لي وللفريق 🙏🏼 عندي فكرة جانبية ممكن نجربها: ودي نلتقي أكثر كفريق حتى لو كاجوالي، لأننا مخرجين وكل واحد فينا غرقان في مشاريعه، وصعب يتقاطع مع الآخر — الأكيد أننا بنتواصل بشكل فردي وأحيانا يومي، لكن ماقد اجتمعنا سوا. | U65: 8 | V65: 7 | W65: 10 | X65: 10 | Y65: ساعات أتفرج على الشغل اللي يعمله، وتجيني رغبة في معرفة الكواليس وكيف يكون هو في وقت التصوير — يعجبني ستايله في اللقطات، تحديدا شغل الإعلانات. لكن بيجي اليوم اللي ننزل ست يكون هو مخرجه. | AB65: بمجرد الإرسال، سيتم اعتماد تقييمك حول مديرك. هل أنت متأكد؟ | AC65: TRUE | AF65: =AVERAGE(U65:X65,P65:S65,K65:N65,F65:I65) -> 9.5
A66: aQ96a09 | B66: x0o5Qy | C66: 45736.791 | D66: وهاب | E66: ميسم المنيع | F66: 3 | G66: 2 | H66: 4 | I66: 1 | J66: لو تقدري توضحي أكثر في كل المهام الجوهرية اللي تسنديها، يعني في بعض الأحيان نضيع في التفاصيل او نصير مو متأكدين من الهدف النهائي. كلما كان التوجيه أوضح، كلما كانت النتائج أفضل. تحديد الأولويات بشكل منطقي، يعني، نقدر نعدل الأولويات على حسب الظروف بدل ما نكون دايمًا متمسكين بنفس الخطة مهما كانت الظروف. عادي تكون الأهداف طموحة، لكن بواقعية، يكون أفضل للفريق عشان نعرف نحقّقها، وبنفس الوقت نبقى دايمًا متحفزين للإنجاز. القرارات لو تكون واضحة وصريحة وتشرح لنا الأسباب، نكون أكثر تجاوبًا معها، ونعرف كيف نساهم فيها. | K66: 4 | L66: 4 | M66: 2 | N66: 1 | O66: أنا أحتاج استقلالية أكبر، لكن هذا ما يعني حرية تامة ولا إدارة مجهرية. التوازن مطلوب. لو كان كل شيء مفتوح بدون توجيه واضح، هذا يخليني أضيع بين الأولويات اللي عندنا. وفي نفس الوقت، لو كل قرار لازم يتم بطريقتك أنتِ، هذا يلغي دور خبرتي، خصوصًا في الأمور اللي أعرف تفاصيلها أكثر من غيري وأقدر أقرر فيها بشكل أسرع وأدق. الأفضل يكون في وضوح وتواصل يخليني أتحرك بثقة، وأعرف متى أقرر بنفسي ومتى أرجع لك. إذا كان في توجيه مباشر لتوزيع المهام، يعني مش كل مرة لازم نكون في حالة ضياع، خاصة في المشاريع الكبيرة. يُفضل لو تكون الأمور أكثر تنظيماً. خلّي الدعم والاستشارة مش بس لما نطلبها، يكون في تفاعل أكثر في كل مرحلة من مراحل العمل. وعيك بمشاعر الفريق مهم جدًا، كأنك تكوني جزء مننا. وليس مجرد مدير من بعيد يطلع وقت المصائب. | P66: 2 | Q66: 4 | R66: 2 | S66: 3 | T66: معنويات الفريق مهمة جدًا، وما فيه شيء أجمل من لما تحفزينا وتكوني معنا في كل خطوة. لما يشعر الفريق بالتقدير، رح ينعكس هذا على الإنتاجية. التعاون يكون أساسي في فريق ناجح، يعني لو يكون فيه تناغم بيننا، بنقدر ننجز أسرع وبأفضل جودة. يا ليت لو نكون جزء من عملية اتخاذ القرارات، لما نشعر إننا مشاركين معك بيزيد حافزنا ويكون عندنا مسؤولية أكبر. | U66: 1 | V66: 1 | W66: 4 | X66: 6 | Y66: الملاحظات البناءة هي الطريق الأمثل لتحسين قيادتي. لما تكون الملاحظات متواصلة وواقعية، نقدر نركز على تطوير الجوانب اللي محتاجة شوية شغل. مش لازم تحفزيني فقط، بل تسهلي علي التفكير وتشجعيني على تقديم أفكار جديدة وأستبق المشاكل بالحلول. | Z66: أنتِ مديرة، مديرة لأهم قادة الإنتاج، وهذا مو بس منصب إداري، هذا دور يتطلب حضور حقيقي وفهم عميق لاحتياجات الفريق. شخصيا أحتاج أشعر إنك ظهر لنا، مش بس شخص يوزع مهام ويتابع تنفيذها. لما تصير خلافات بيننا كقادة، الطبيعي إنك تكوني الشخص اللي نلجأ له عشان تحلّي الأمور، مو تكوني شخص يراقب من بعيد أو ينقل الكلام بين الأطراف بدون ما يكون في تدخل حقيقي لحل الخلافات. لما الإدارة تكون وسيط يساعد على التفاهم، الفريق يقوى، لكن لما تصير عامل يزيد التوتر، الأمور تصير أصعب على الكل. وإذا كان في أي خلاف بيني وبينك، الأفضل إنها تُناقش بشكل مباشر. لما ما يكون فيه مواجهة أو وضوح، هذا يخليني أشعر بعدم الارتياح ويطرح تساؤلات عن مدى ملائمة أسلوب إدارتك لي. المدير الناجح هو اللي يفتح حوار، يسمع، يناقش، ويوصل لحلول، مو اللي يترك الأمور عالقة أو تتعقد مع الوقت وينتهي بها الحال حبيسة نفس. | AA66: مديري المباشر مسؤولة عن قادة الإنتاج، وأي خلل في إدارتها ينعكس بشكل مباشر على جودة العمل والروح العامة للفريق. الإداري المفروض يكون عنصر دعم وتوجيه، مش مجرد مشرف على تنفيذ المهام. لما يكون القائد بعيد عن فريقه، وما يعرف كيف يحتوي الخلافات، تصير بيئة العمل مليانة توتر وسوء فهم، وهذا بالضبط اللي قاعد يصير. بدل ما تكون عنصر تهدئة وإصلاح، أحيانًا تكون عنصر يزيد التوتر بين الفريق، وهذا شيء خطير في بيئة إنتاج تعتمد على التعاون المستمر. غير كذا، لما يكون في أي خلاف أو سوء فهم، ما في مواجهة مباشرة، كل شيء يصير بشكل غير واضح، وهذا يخلق جوًّا من الغموض وعدم الأمان الوظيفي. أنا شخصيًا أشعر إن استمراري تحت إدارتها بهذا الشكل راح يكون صعب، وإذا ما صار تغيير واضح في طريقة إدارتها، بيكون من الصعب علي التأقلم أو العطاء بنفس الكفاءة. أنا ما أقول إنها سيئة، أبدًا. بالعكس، يغلب عليها الإحسان في تعاملها، وهذا شيء يُشكر. لكن في النهاية، إحنا بشر، والكمال مو لأحد، الكمال للّه وحده. الفرق بين المدير اللي يتطور واللي يثبت مكانه هو قدرته على تقبّل الملاحظات والتعامل معها بعقلية النمو. المشكلة تبدأ لما الواحد يظن إنه بمجرد ما وصل لمنصب معين، فهو اكتفى، وصار فوق النقد، وكأن أي ملاحظة عليه تُعتبر انتقاص. هذا التفكير غير صحيح، ولا أعتقد إنه يشبه ثقافتنا، لا في العمل ولا حتى في الحياة. شخصيًا، منهجي إن الإنسان يظل يتطور، يسمع، ويأخذ خطوة للأمام بدل ما يبني حوله جدار يعزله عن فريقه. في النهاية، الإدارة الفعالة مو مجرد قرارات وتنظيم، هي فن في خلق بيئة صحية تعزز الإنتاجية، مو بيئة تزيد التوتر والانقسامات. | AB66: بمجرد الإرسال، سيتم اعتماد تقييمك حول مديرك. هل أنت متأكد؟ | AC66: TRUE | AF66: =AVERAGE(U66:X66,P66:S66,K66:N66,F66:I66) -> 2.75
A67: yPMlZOg | B67: YXAXJ5 | C67: 45759.597 | D67: محمد باحسن | E67: ميسم المنيع | F67: 5 | G67: 5 | H67: 2 | I67: 2 | J67: الإنتاج بالمجمل لا يخلوا من تحديات او قد يكون اصل فيه ببعض الحالات وحتى نضمن عجلة انتاج مرنة، قد يكون من المهم عند توجيه المهام، ان يتم اعطاء او وضوح في الصلاحيات والميزانيات، والتي بمقام ادوات اساسية، لا بد منها | K67: 5 | L67: 5 | M67: 1 | N67: 1 | O67: كل التوفيق والسداد | P67: 2 | Q67: 2 | R67: 2 | S67: 5 | T67: كل التوفيق والسداد | U67: 2 | V67: 2 | W67: 2 | X67: 5 | Y67: كل التوفيق والسداد | AB67: بمجرد الإرسال، سيتم اعتماد تقييمك حول مديرك. هل أنت متأكد؟ | AC67: TRUE | AF67: =AVERAGE(U67:X67,P67:S67,K67:N67,F67:I67) -> 3
A68: q45gNP2 | B68: GaJld2 | C68: 45753.434 | D68: أيمن خالد | E68: ميسم المنيع | F68: 4 | G68: 4 | H68: 4 | I68: 3 | J68: في أمور اتفهم انها صعب تتوضح بالذات ان طبيعة عمل الإنتاج تعتمد على الطوارئ ولكن في جانب كبير بالإمكان ضبط الأولويات والتوقعات فيه وننجز مشاريعنا على وضوح بيّن | K68: 9 | L68: 9 | M68: 9 | N68: 4 | O68: يمكن جزئية تفهم مشاعر الفريق او من نعمل معهم ونتقاطع معهم نحتاج نركز في الذكاء العاطفي معهم ونتفهمهم اكثر وما ننظر دائماً الامور من جهتنا ونغض الطرف عن طرفهم | P68: 5 | Q68: 5 | R68: 5 | S68: 2 | T68: جانب يحتاج له الكثير والكثير من التحسين | U68: 4 | V68: 3 | W68: 4 | X68: 9 | Y68: الحمدلله أشعر اني تحت قيادة ميسم اني مستقل دائماً بكل شيء وهذا أمر ايجابي فعلاً حقيقي لكن السلبي هو انك تنطلق خلال السنة بين المشاريع وتتفاجئ ان مافي احد خلفك يسندك ويطورك ويشير عليك بجوانب الضعف الي تحتاج تطوير لين تتفاقم بعض السلبيات وندخل في مرحلة اللوم مين المتسبب؟ | Z68: اتفهم كثرة المسؤوليات على عاتق ميسم لكن ضروري جداً انها تتخفف وتنظر للفريق وتكون معهم وما نوصل لمرحلة نحس ان ميسم في عالم ثاني مختلف عن عالمنا الاستقلالية بشكل مُطلق شيء ممتاز وجميل لكن ماهو مناسب للجميع ولا مناسب لجميع الظروف في تحديات كثيرة نحتاج نكون في صف بعض فيها والمهمة ماهي سهلة بالطبع | AA68: يمكن الكثير من التناقضات في التقييم لكن أقدر أجزم شخصياً ان ميسم هي انسب مدير لي شخصياً يمكن فترات اختلافنا اكثر من اتفاقنا لكن مافي احد عملي ويبذل كل طاقته في العمل مثل ميسم وانا شخصياً احتاج هذا المدير بشكل فعلي ملاحظة أخيرة للموارد البشرية: قسم المُنتجين يحتاج شخص يديره بشكل فعلي الفراغ الحالي سلبي عالقسم | AB68: بمجرد الإرسال، سيتم اعتماد تقييمك حول مديرك. هل أنت متأكد؟ | AC68: TRUE | AF68: =AVERAGE(U68:X68,P68:S68,K68:N68,F68:I68) -> 5.1875
A69: PdRegK5 | B69: RZpMOJ | C69: 45760.309 | D69: محمود أبو ندى | E69: ميسم المنيع | F69: =AVERAGE(F70:F75) -> 8.1666667 | G69: 6 | H69: 6 | I69: 5 | J69: تواصلي بشكل مستمر مع الفريق، نراجع الأهداف، وطريقة سيرها. | K69: 7 | L69: 5 | M69: =AVERAGE(M70:M75) -> 9 | N69: =AVERAGE(N70:N75) -> 8.3333333 | O69: التواصل معك سلس ودائمًا يكون مفيد وذو نتائج، لكنه ينقطع أحيانًا. | P69: 5 | Q69: 4 | R69: 4 | S69: =AVERAGE(S70:S75) -> 6.5 | T69: شاركي وشاوري فريقك أكثر في القرارات والمهام المتقاطعة مع الفرق الأخرى. | U69: 4 | V69: =AVERAGE(V70:V75) -> 7.1666667 | W69: =AVERAGE(W70:W75) -> 7.6666667 | X69: 6 | Y69: شاركي فريقك من فترة لآخرى مرئيات حول أعمالهم، حلقة أعجبتك؟ فيديو ما عجبك؟ مهمة حبيتي إحسانهم فيها..إلخ.. | Z69: ثقتك بالفريق تعطيني قوة ومساحة للإبداع والإحسان، وليستمر هذا، على الثقة أن تتجدد دائمًا. | AA69: لا يوجد :) | AB69: بمجرد الإرسال، سيتم اعتماد تقييمك حول مديرك. هل أنت متأكد؟ | AC69: TRUE | AF69: =AVERAGE(U69:X69,P69:S69,K69:N69,F69:I69) -> 6.1770833
A70: Np5WG2l | B70: d4VlJd | C70: 45744.681 | D70: محمد هاني | E70: ميسم المنيع | F70: 8 | G70: 8 | H70: 6 | I70: 5 | J70: خطة الإنتاج طوال السنة هي أهم خطة، لبناء توقعات صحيحة وهدف واضح نسعى خلفه للوصول. | K70: 10 | L70: 2 | M70: 10 | N70: 9 | O70: أشعر توزيع الأدوار هي منطقة فضفاضة عندنا، ماذا لو قدرنا نفكر بها بشكل مختلف؟ | P70: 7 | Q70: 5 | R70: 4 | S70: 3 | T70: كثير مشاريع نقرر فيها ونعتمدها فجأة ثم أعمل عليها بشكل مستقل. | U70: 3 | V70: 7 | W70: 8 | X70: 7 | Y70: ما عندي مرئيات تتناسب مع هذه المساحة. | Z70: الضغط اللي يواجهكم ملحوظ، والتحديات كبيرة، بس دائمًا لو تشاركونا تحدياتكم ونكون معكم في الصورة، بيساعدنا نفكر في حلول وطرق جديدة تساعد على تجاوز التحديات، وخلق آليات عمل تسهل العمل على الفريق كله، استثمري وقت في اجتماعات قصيرة كل فترة، نتناقش فيه عن الجو العام والتوجه اللي بنمشي فيه، أعتقد هذه الاجتماعات القصيرة بيكون لها أثر كبير، وأكيد نراعي الوقت فيها، وتكون محددة ومركزة. | AA70: أعتقد مديري يواجه تحديات كبيرة مع إلتزام فريق المحتوى، وضغط كبير في المستهدفات. | AB70: بمجرد الإرسال، سيتم اعتماد تقييمك حول مديرك. هل أنت متأكد؟ | AC70: TRUE | AF70: =AVERAGE(U70:X70,P70:S70,K70:N70,F70:I70) -> 6.375
A71: J9K0VWK | B71: 0bpo56 | C71: 45753.439 | D71: غيداء التميمي | E71: ميسم المنيع | F71: 8 | G71: 7 | H71: 7 | I71: 6 | J71: لا يوجد. | K71: 9 | L71: 7 | M71: 8 | N71: 7 | O71: لا يوجد. | P71: 6 | Q71: 6 | R71: 6 | S71: 5 | T71: لخصتها بشكل موجز في المرئيات العامة. | U71: 4 | V71: 6 | W71: 6 | X71: 7 | Y71: لخصتها بشكل موجز في المرئيات العامة. | Z71: احترت لو أكتب هذه المرئيات هنا أو في مجموعة معيّنة، لكن حقًا أقدر الثقة والاستقلالية كثيرًا، فشكرًا على ثقتك ودعمك فيها. أشعر أننا نحتاج نركز أكثر في منطقة التطوير أو الأهداف بشكل عام، لو نجلس بين فترة وأخرى نراجع فيها الفترة الماضية ونحدد أهداف الفترة القادمة، قد تكون هذه أهداف تطويرية للشخص نفسه أو أهداف القسم بحيث يكون عندنا فكرة عن إيش أهدافنا للسنة لكل ربع والسنة بشكل عام، سواءً من ناحية المهام أو التطوير. من ناحية التطوير، ممكن التنويع في المشاريع أو المهام بحيث يعطي فرصة لتنويع التطوير مثلًا وقد يعطي الفريق فرصة أنه يعرف اختلافات المشاريع واختلافات تحدياتها وتوسع دائرة تجاربهم. | AB71: بمجرد الإرسال، سيتم اعتماد تقييمك حول مديرك. هل أنت متأكد؟ | AC71: TRUE | AF71: =AVERAGE(U71:X71,P71:S71,K71:N71,F71:I71) -> 6.5625
A72: Gxv0GXo | B72: GaLbkj | C72: 45752.8 | D72: جميل عبدالأحد | E72: ميسم المنيع | F72: 8 | G72: 7 | H72: 8 | I72: 7 | J72: الأولويات واضحة، لكن يكون أجمل لو يتم مشاركة الميزانيات مٌسبقاً لكل مشروع بشكل أوضح من قبل البدء بالمشروع ليساعد في التخطيط المسبق. | K72: 9 | L72: 8 | M72: 8 | N72: 8 | O72: لا شيء | P72: 6 | Q72: 5 | R72: 7 | S72: 6 | T72: أرشح يكون عندنا اجتماع مرة او مرتين في الشهر مع باقي القادة في الانتاج بحيث نعرف المستجدات ونشارك التحديات. والأهم اننا نطلع بحلول للتحديات. عند تقصير أحد الموظفين ورفضه إنجاز مهامه، يفضل التواصل معه وتوضيح مهامه وأولوياته، ولا نكتفي بإزالته من المشروع بحيث تكون أشبه بـ "مكافأة" له وينضغط باقي الفريق في محاولة إنجاز مهامه. لأنه بهذا الشكل يزداد ثقة أنها لم تكن أولوية له من الأساس. | U72: 5 | V72: 5 | W72: 6 | X72: 7 | Y72: أشوف يكون جيد ان الفريق يعيش تجارب منوعة بين الأفلام والإذاعة ليكتسب خبرة متنوعة. وممكن ترشيح ورش عمل وترتيب العمل بحيث الفريق يقدر يحضر هذه الورش. | Z72: لا شيء | AA72: لا شيء | AB72: بمجرد الإرسال، سيتم اعتماد تقييمك حول مديرك. هل أنت متأكد؟ | AC72: TRUE | AF72: =AVERAGE(U72:X72,P72:S72,K72:N72,F72:I72) -> 6.875
A73: xXxZq7k | B73: QpbReA | C73: 45760.214 | D73: انوار | E73: نواف قوارش | F73: 7 | G73: 7 | H73: 8 | I73: 9 | J73: - بحكم أن قسمنا سريع التغييرات نتوقع عدم وضوح المتطلبات والأدوار أحيانًا، لكن أتمنى التركيز على نقاط قوة كل شخص ونضع أولوياته بالمهام بناءً عليها. | K73: 9 | L73: 8 | M73: 9 | N73: 7 | O73: - أتمنى الإندماج أكثر مع أعضاء الفريق بين فترة وأخرى لندعم التواصل الفعال ونتعرف أكثر على أدوار كل فرد بحيث لو احتجنا دعم في يوم، نعرف نفيد بعض. | P73: 8 | Q73: 9 | R73: 9 | S73: 7 | T73: - بشكل عام أتمنى إشراك الفريق أكثر في مهام تبين قدرتهم على التفكير والمشاركة في الرأي مادامت تخص قسمنا وفريقنا، بالتالي رح نوصل أكثر من فكرة للقائد ونجعل إتخاذ القرار أسهل وأقوى + رح نكون بالصورة كلنا كفريق لأي تغيير بالقسم أو تحديث من البداية بسبب أننا شاركنا في الموضوع الفلاني. (القرارات ممكن تطلع من أبسط فكرة، ومن أهدى صوت). | U73: 7 | V73: 7 | W73: 8 | X73: 8 | Y73: التواصل الدوري أعتقد رح يساعد في تطويرنا كلنا، نفهم أفكار بعض وأسلوبهم في التواصل وبالتالي العمل رح يصير أسهل للجميع. | AA73: للأمانة الموضوع مايخص مديري، ولكن أحتجت أكتب هالمعلومة هنا بما انه يوجد مجال أمامي. في كثير من الأحيان ما أشعر ان المهام اللي تجيني تساعد في تطويري أو تنقلني من مكان لمكان، وهذا الشعور لأنه صار كثير فأكيد أنه مؤشر غير جيد. إما أنها أدنى من إمكانياتي«بمعنى أقدر أقدم أكثر» أو لعله ليس مكاني اللي رح أبرز فيه قوتي وأفيد فيه أكثر. هذا الشيء يحسسني بالإحباط بين فترة وفترة. | AB73: بمجرد الإرسال، سيتم اعتماد تقييمك حول مديرك. هل أنت متأكد؟ | AC73: TRUE | AF73: =AVERAGE(U73:X73,P73:S73,K73:N73,F73:I73) -> 7.9375
A74: 1APvyOW | B74: JxQedo | C74: 45739.109 | D74: رفقه ماجد الهليس | E74: نواف قوارش | F74: 9 | G74: 9 | H74: 9 | I74: 9 | J74: لا يوجد كل شي في السليم بحول الله | K74: 9 | L74: 9 | M74: 9 | N74: 9 | O74: الحمدلله أشوف نواف متفهم ويحسن توزيع المهام وفهم الفريق | P74: 9 | Q74: 9 | R74: 9 | S74: 9 | T74: أشوفه يثق في قدرات الفريق الحمدلله وموضوع المشورة شاركنا أكثر من مرة | U74: 8 | V74: 9 | W74: 9 | X74: 9 | Y74: لا يوجد | Z74: يمكن الفترة قصيرة بس الحمدلله أشوف أنه مبسوطة مع الفريق والمرئيات الي تجيني من نواف تساعدني أتطور ومنطقية 🙏 | AA74: لا يوجد | AB74: بمجرد الإرسال، سيتم اعتماد تقييمك حول مديرك. هل أنت متأكد؟ | AC74: TRUE | AF74: =AVERAGE(U74:X74,P74:S74,K74:N74,F74:I74) -> 8.9375
A75: 1APPRYQ | B75: eGZL0x | C75: 45762.379 | D75: أريج المصطفى | E75: نواف قوارش | F75: 9 | G75: 9 | H75: 9 | I75: 9 | J75: غالبًا كل شيء واضح قبل ما أسأل عنه حتى، ويساعدني أعرف أيش المتوقع مني بشكل دوري. | K75: 9 | L75: 9 | M75: 10 | N75: 10 | O75: . | P75: 10 | Q75: 9 | R75: 9 | S75: 9 | T75: . | U75: 8 | V75: 9 | W75: 9 | X75: 10 | Y75: شخصيًّا، أتمنى لو كان فيه طرق أو مهام أكثر تساعد على التطوير والانتقال من مستوى لآخر. | Z75: مدير كفو، يساعدك في كل كبيرة وصغيرة، يحترم جهودك ويقدرها ويساعدك تتطور دائمًا. | AB75: بمجرد الإرسال، سيتم اعتماد تقييمك حول مديرك. هل أنت متأكد؟ | AC75: TRUE | AF75: =AVERAGE(U75:X75,P75:S75,K75:N75,F75:I75) -> 9.1875
A76: PdjjPYb | B76: 4DLMYA | C76: 45742.506 | D76: محمد جعفر | E76: وديان بحه | F76: 7 | G76: 4 | H76: 6 | I76: 7 | J76: مهم أن يكون في مستهدفات فرعيّة غير الوصول، نقيس فيها أداء الفريق. | K76: 8 | L76: 7 | M76: 6 | N76: 3 | O76: ساعات تكوني واثقة في الفريق وساعات تكوني مديرة بشكل دقيق، وأحس إن هذا الشيء يسبب ربكة. | P76: 4 | Q76: 7 | R76: 3 | S76: 4 | T76: نقلل من حدّة الزفّ شويّ بس هههههه. اللطف واللين حلو. | U76: 3 | V76: 4 | W76: 5 | X76: 7 | Y76: أحس عندك خبرة للحين ما شفناها بسبب الضغط، ودّي أتعلم منك أكثر. | Z76: تراك مثابرة، وأتمنى إن الكلّ شايف إنك تعطين من قلب وباللي تقدرين عليه. واصلي. 🫶🏼 | AB76: بمجرد الإرسال، سيتم اعتماد تقييمك حول مديرك. هل أنت متأكد؟ | AC76: TRUE | AF76: =AVERAGE(U76:X76,P76:S76,K76:N76,F76:I76) -> 5.3125
B77: 2g4xBb | C77: 45741.534 | D77: نواف قوارش | E77: وديان بحه | F77: 9 | G77: 7 | H77: 5 | I77: 5 | J77: لا | K77: 5 | L77: 9 | M77: 10 | N77: 2 | O77: لا | P77: 5 | Q77: 8 | R77: 3 | S77: 8 | T77: لا | U77: 4 | V77: 7 | W77: 8 | X77: 7 | Y77: لا | AB77: بمجرد الإرسال، سيتم اعتماد تقييمك حول مديرك. هل أنت متأكد؟ | AC77: TRUE | AF77: =AVERAGE(U77:X77,P77:S77,K77:N77,F77:I77) -> 6.375
A78: RGdeG5Q | B78: JxQedo | C78: 45739.106 | D78: رفقه ماجد الهليس | E78: وديان بحه | F78: 8 | G78: 7 | H78: 7 | I78: 7 | J78: وديان واضحة وتعطي ترتيب الأولويات أولوية غالبًا 🫶 | K78: 7 | L78: 8 | M78: 9 | N78: 8 | O78: أشوف أمورنا في السليم | P78: 7 | Q78: 9 | R78: 7 | S78: 8 | T78: أدري بيبان إني أسلك بس صدقًا راح أظلم وديان لو حطيت أقل | U78: 7 | V78: 7.8 | W78: 7.5 | X78: 8.1 | Y78: لا يوجد | Z78: شكرًا لأنك دايمًا معانا ونحسك مننا، أظن أنه المدير الرهيب هو الي ما يحسسك أنه مدير -من تجاربي- | AA78: لا يوجد | AB78: بمجرد الإرسال، سيتم اعتماد تقييمك حول مديرك. هل أنت متأكد؟ | AC78: TRUE | AF78: =AVERAGE(U78:X78,P78:S78,K78:N78,F78:I78) -> 7.65
A79: rjBZE0L | B79: MlgRMl | C79: 45756.615 | D79: فايز القرني | E79: وديان بحه | F79: 7 | G79: 6 | H79: 9 | I79: 6 | J79: أحيانًا صعب أنك تعرفين كل ما يدور في كل مهمة من مهام الفريق، أتفهم. لكن، أحيانًا أشعر أنك تعطين مهام ومهام أخرى، في نفس الوقت، وتطلبينها في نفس الوقت، أو في أوقات متداخلة مع مهام أخرى؛ شخصيًا هذا يوتّرني. بدل من هذا ممكن تسألين عن تاريخ أنا أعطيه أكثر، فأصير أعطي تاريخ، توافقينه، أو تفاوضين فيه، يمكن ما ألتزم ههه، بس أنه يصير إلتزام علي أني أعطي تاريخ واقعي بالنسبة لي، وأنا اللي أعطيته فالمفروض ألتزم به. وأيضًا في الوضوح أحيان كثيرة أشعر أن الفكرة الكبرى غائبة من المهام، تمام فيه تقسيم أرقام ونسب، لكن ماذا يعني كل هذا؟ ليش ودّي أحقق هذه الأرقام والنسب؟ ليش أقوم من النوم و أتجه للعمل لتحقيق هذه النسبة. | K79: 7 | L79: 7 | M79: 10 | N79: 9 | O79: أدري أنك تستعملين المنشن على المهام غالبًا للتذكير، بس أنه غالبًا يصير اعتمادي عليها عشان أسويها، فأصير أستنى منشن وديان عشان أسوي المهمة. بدل من هذا ممكن تجرّبين المراجعة الأسبوعية في ظني، أخطر لي، أخطر للمنتجات، بس أريح لي وأريح لك، وتعطي حس بالمسؤولية أكثر. أيضًا أحيانًا لإحساس اللي يجيني المنشن يسأل عادةً «ليش؟» بدون ما يكون فعلًا يسأل ليش؛ يمكن فيه «ليش» فعلًا. | P79: 9 | Q79: 9 | R79: 9 | S79: 7 | T79: على المشاورة، الإحساس اللي يجيني هو أنك تعطين المهام على شكل مشاورة لكنها ليست فعلًا مشاورة ههههه. في أغلب الأحيان تكونين مقررة، مع أطراف أخرى، فليش نتشاور؟ وأظن المشاورة معنا قبل اتخاذ القرار مع الأقسام مهمة؛ موب لاز تأخذين بمشاورتنا بس تعرفين كيف ممكن يعمل هذا الفريق مع هذه المهمة. | U79: 6 | V79: 8 | W79: 8 | X79: 9 | Y79: ما عندي شيء. | AB79: بمجرد الإرسال، سيتم اعتماد تقييمك حول مديرك. هل أنت متأكد؟ | AC79: TRUE | AF79: =AVERAGE(U79:X79,P79:S79,K79:N79,F79:I79) -> 7.875
A80: pbdEBEy | B80: 8y79kA | C80: 45739.752 | D80: القاسم | E80: وديان بحه | F80: 8 | G80: 8 | H80: 7 | I80: 8 | J80: مديري طور من آلية العمل، ونحتاج نضبط الآلية أكثر بحيث كل مدير منصة لديه مستهدفات أسبوعية أكثر وضوحًا، وتضمن أهداف فرق الإنتاج والأعمال مع مستهدفات التسويق. | K80: 8 | L80: 10 | M80: 10 | N80: 8 | O80: مديري شعلة من الطاقة فقط نحتاج العودة إلى الخلف ومراجع طريقة العمل بشكل دوري، ونعمل على تحديثها وتحسينها، بحيث يزيد الإنتاجية حتى لو لم تكن منخفضة. | P80: 8 | Q80: 10 | R80: 8 | S80: 10 | T80: بصراحة هناك تطور في قيادة الفريق منذ بداية مديري العمل وحتى اليوم، نحتاج تعزيز الإيجابية مع الواقعية، لأن بعض الموظفين يستغل هذه النقاط، ويكون الأداء أقل من المتوقع بكثير. | U80: 9 | V80: 9 | W80: 8 | X80: 9 | Y80: نحتاج بشكل دوري نراجع بعض المحتوى التسويقي لكي يحقق نتائج أفضل، لأن بعض المحتوى لا يحقق مستهدفاته، ويحتاج إلى مراجعة وتطوير. | Z80: للأمانة مديري في تغير مستمر على نحو إيجابي في إدارة الفريق، وتكيف على نحو سريع مع المجموعة، وساعد على نمو أداء الفريق. | AA80: يا موارد بشرية فريق التسويق ليس فريق جانبياً، بل هو فريق يدخل مع فرق الإنتاج والأعمال إلى حد بعيد، لذلك مع نمو الإنتاج نحتاج نمواً أكبر في التسويق، والنمو لا يحدث بدون موارد بشرية. | AB80: بمجرد الإرسال، سيتم اعتماد تقييمك حول مديرك. هل أنت متأكد؟ | AC80: TRUE | AF80: =AVERAGE(U80:X80,P80:S80,K80:N80,F80:I80) -> 8.625
A81: Y5jdLNz | F81: =AVERAGE(F2:F80) -> 7.9879747 | G81: =AVERAGE(G2:G80) -> 7.5527426 | H81: =AVERAGE(H2:H80) -> 8.3253767 | I81: =AVERAGE(I2:I80) -> 7.6705847 | K81: =AVERAGE(K2:K80) -> 8.4773056 | L81: =AVERAGE(L2:L80) -> 8.2089512 | M81: =AVERAGE(M2:M80) -> 8.9228451 | N81: =AVERAGE(N2:N80) -> 8.0343882 | P81: =AVERAGE(P2:P80) -> 7.6808921 | Q81: =AVERAGE(Q2:Q80) -> 7.9745329 | R81: =AVERAGE(R2:R80) -> 7.7015568 | S81: =AVERAGE(S2:S80) -> 7.582265 | U81: =AVERAGE(U2:U80) -> 6.5384615 | V81: =AVERAGE(V2:V80) -> 7.4067812 | W81: =AVERAGE(W2:W80) -> 7.7550672 | X81: =AVERAGE(X2:X80) -> 8.8120879 | AB81: =AVERAGE(AB2:AB77) -> #DIV/0! | AC81: =AVERAGE(AC2:AC77) -> #DIV/0! | AD81: =AVERAGE(AD2:AD77) -> #DIV/0! | AE81: =AVERAGE(AE2:AE77) -> #DIV/0! | AF81: =AVERAGE(AF2:AF80) -> 7.9185955

Sheet تحليل تقييم 2025 - مايو
A1: القائد | B1: 📈 نقاط القوة | C1: 📉 نقاط الضعف | D1: ✅ التوصيات | E1: 👥 الفريق المثالي | F1: 🛠️ خطوات عملية | G1: 📊 مقارنة بـ 2024 وباقي القادة
A2: أسيل باعبدالله | B2: 1. أسلوب تواصلي إيجابي ومحبب للفريق. 2. حضور واضح كقائدة ملهمة وليس مجرد مشرفة. 3. تتميز بحماس ونشاط دائم ينعكس على طاقة الفريق. 4. قادرة على التعامل مع ضغوط العمل. 5. تقدّر أعضاء الفريق وتشكر جهودهم. 6. تفتح الباب للتطوير وتقبل النقد بصدر رحب. | C2: 1. تدخل مفرط في تفاصيل يومية، يخلق ضغطًا على الفريق. 2. تذبذب في ترتيب الأولويات، مما يربك الموظفين. 3. غياب التوثيق والمرجعية الواضحة للقرارات. 4. لا توجد جلسات دورية كافية مع الموظفين لمراجعة الأداء. 5. تعليقات متكررة عن قلة الثقة في الفريق رغم النوايا الطيبة. 6. الفريق يشعر أنه يُعامل وكأنه "مبتدئ" طوال الوقت. | D2: 1. تقليل التدخل في المهام التفصيلية بعد التفويض. 2. بناء هيكل واضح للأولويات الشهرية. 3. جلسات 1:1 دورية مع كل موظف. 4. كتابة وتوثيق المشاريع والمهام في Basecamp. 5. تعيين مساعد/منسق مشاريع يخفف الضغط عنها. 6. ضبط سقف التوقعات الواقعي، وتوضيحه مسبقًا. | E2: - فرق صغيرة مبدعة تحتاج إلهامًا وليس إدارة مباشرة. - يجب وجود مدير مشروع/منسق يساعدها في المتابعة اليومية. | F2: 1. اجتماع شهري لمراجعة الأولويات الجماعية. 2. تخصيص وقت أسبوعي للمرئيات الفردية. 3. تفويض جزئي لمهام التشغيل مع مراقبة النتائج فقط. 4. استخدام وثائق Google واضحة لمهام كل شخص. 5. تخصيص ساعة أسبوعيًا لتوثيق ما تم وما هو قادم. 6. توزيع المهام حسب مبدأ الثقة لا الرقابة. | G2: - تراجع في تقييمها مقارنة بـ 2024. - تعاني من نفس نقاط الضعف التي اشتكى منها الفريق سابقًا. - مقارنة بأنس أو عبدالوهاب، تقييمها أقل بسبب الضغط والإرباك اليومي للفريق.
A3: أنس الأهدل | B3: 1. محبوب جدًا من الفريق. 2. يجيد تحفيز الموظفين بشكل غير مباشر. 3. يتعامل بود واحترام حتى في أوقات التوتر. 4. واضح في التعليمات ومهتم بالجودة. 5. يخلق مساحة نفسية مريحة للأفكار. 6. يعامل الجميع على قدم المساواة. | C3: 1. قد يكون مفرطًا في "اللطف" ما يسبب ترددًا في الحزم. 2. مساحة التجريب والابتكار خارج الخطة الرسمية قليلة. 3. بعض الأفراد يشعرون أن “المثالية” تعيق سرعة القرارات. 4. لا يوجد دائمًا مرجعية واضحة للمهام. 5. محدودية التوجيه المكتوب. 6. عدم وضوح في بعض الحدود الإدارية بين الفريق والمدير. | D3: 1. إدخال أدوات توثيق للقرارات والتوجيهات. 2. تشجيع الفريق على التجريب خارج الخطة. 3. تعزيز مفهوم "الخطأ الآمن" لتقليل الخوف من المخاطرة. 4. زيادة التواصل الكتابي للمشاريع. 5. مراجعة شهرية لكل عضو لمعرفة العقبات. 6. تدريب أحد الفريق على أن يكون مساعده التنفيذي. | E3: - فرق تعتمد على الثقة والانضباط الذاتي. - موظفون مبتكرون يفضلون بيئة لا مركزية. | F3: 1. تخصيص مساحة أسبوعية للاقتراحات الخارجة عن الخطة. 2. توثيق المهام الرئيسية في لوحة Trello أو Google Sheet. 3. استخدام رسائل Basecamp للرد على الاستفسارات المتكررة. 4. تدريب أعضاء الفريق على اتخاذ قرارات مستقلة. 5. تعيين قائد ثانوي لكل مشروع لتقليل الاعتماد المباشر عليه. 6. جلسة ربع سنوية للتغذية الراجعة الصريحة مع الفريق. | G3: - تراجع طفيف عن 2024 لكنه ما زال الأعلى في “الثقة”. - أفضل مدير من حيث “الراحة النفسية” مقارنة بالآخرين.
A4: عبدالرحمن أبومالح | B4: 1. ملهم وذكي وله نظرة استراتيجية قوية. 2. يعطي مساحة للرأي والنقاش. 3. يعبر عن رؤيته بشكل واضح. 4. يحفز الناس بأسلوب غير مباشر. 5. يقدّر العاملين معه ويحترمهم. 6. مرن وقابل لتعديل الآراء. | C4: 1. التوقعات غير المعلنة تربك الفريق. 2. تغييرات مفاجئة دون تهيئة أو شرح كافٍ. 3. التوجيه غالبًا شفهي وغير موثق. 4. يترك بعض التفاصيل معلقة دون مسؤول واضح. 5. الفريق أحيانًا "يحاول يقرأ النية". 6. التعامل غير المنتظم في إدارة المشاريع. | D4: 1. كتابة الخطة الكبرى مع أهداف ربع سنوية واضحة. 2. استخدام وسيلة واحدة للاتصال (Basecamp فقط). 3. تخصيص وقت دوري للإجابة على تساؤلات الفريق. 4. تقليل تغيير المسار بدون نقاش مسبق. 5. تكوين مجلس مصغّر يساعد في نقل الرؤية. 6. تعيين مدير مشروع يترجم الرؤية اليومية للفريق. | E4: - فرق ناضجة فكريًا، تعتمد على توجيه إستراتيجي لا يومي. - تحتاج وسيط إداري بينه وبين المنفذين. | F4: 1. إرسال ملخص أسبوعي للقرارات والتغييرات. 2. اعتماد قالب وثيقة “رؤية المشروع” لأي فكرة جديدة. 3. عقد جلسة “أسئلة مفتوحة” شهرية مع الفريق. 4. تدريب مدير مشروع مساعد لتقليل الحيرة. 5. هيكلة مراجعات ربع سنوية للأداء والاتجاه. 6. تقليل توجيه اللحظة، واستبداله بتوجيه مكتوب. | G4: - تراجع واضح عن 2024. - فقدان الوضوح هو العامل الأبرز في التراجع. - من أعلى المدراء في التأثير، لكن من الأقل وضوحًا.
A5: علي بوصالح | B5: 1. حريص على التوثيق والمراجعة. 2. يقدّر العمل الجيد ويشكر عليه. 3. يُظهر انفتاحًا على الأفكار المختلفة. 4. يبني علاقات جيدة داخل الفريق. 5. يعمل بمرونة ويتفهم الظروف. 6. لديه حس تنظيم عالي في المشاريع. | C5: 1. تأخر في الردود والتوجيه أحيانًا. 2. لا يتابع تفاصيل المهام بعد التفويض. 3. بعض الموظفين يشعرون بأنه "بعيد" عن التفاصيل اليومية. 4. لا يوضح المعايير التي يقيم عليها الفريق. 5. تباين في مستوى الدعم بين أعضاء الفريق. 6. يحتاج لمزيد من الحزم أحيانًا في مواجهة الأخطاء. | D5: 1. وضع نظام متابعة أسبوعي ثابت للمهام. 2. تحسين سرعة الرد على استفسارات الفريق. 3. تحديد معايير واضحة للتقييم. 4. استخدام أدوات مرئية لمتابعة المهام. 5. مراجعة الأداء مع كل عضو شهريًا. 6. وضع خطة تطوير فردية لكل عضو. | E5: - فريق منظم، يحب الحرية التشغيلية، لكنه يحتاج وضوحًا في التوقعات. | F5: 1. إرسال جدول أسبوعي لتوزيع المهام. 2. تخصيص وقت ثابت أسبوعيًا للرد على الفريق. 3. تصميم نموذج لتقييم الأداء داخل الفريق. 4. اعتماد Check-ins سريعة مع كل فرد. 5. تعيين مساعد إداري لمساعدته في المتابعة. 6. تخصيص وقت للملاحظات المكتوبة على Basecamp. | G5: - تقييم مستقر لكن يفتقر للتحفيز العالي أو الانتقاد الكبير. - يعتبر من "المدراء الصامتين" مقارنةً بأنس أو عبدالرحمن.
A6: فيصل الغامدي | B6: 1. محترم في تعامله مع الجميع. 2. واضح في التوجيه. 3. يترك مساحة للفريق لاتخاذ القرار. 4. سريع في معالجة المشكلات. 5. يستوعب ضغوط العمل بهدوء. 6. يهتم بتطوير الأداء بشكل ملحوظ. | C6: 1. بعض الأعضاء لا يفهمون الأولويات بدقة. 2. لا يشارك أهدافه طويلة المدى. 3. دعم محدود عند حدوث خلل كبير. 4. ردود متأخرة في أوقات الضغط. 5. لا يراجع خطط الفريق بشكل كافٍ. 6. يغلب عليه الأسلوب التنفيذي دون رؤية واضحة. | D6: 1. إعداد خطة واضحة لمهام الفريق شهريًا. 2. تعزيز حضور القيادة بتوجيهات استراتيجية. 3. تخصيص وقت للملاحظات الجماعية المكتوبة. 4. التخفيف من الحمل التنفيذي بالاعتماد على الفريق. 5. إنشاء لوحة مهام واضحة للكل. 6. تقييم الأداء دوريًا بطريقة مفهومة. | E6: - فرق إنتاجية تعرف عملها، تحتاج وضوحًا لا متابعة مكثفة. | F6: 1. إرسال قائمة أسبوعية بالمهام والأولويات. 2. فتح جلسة نصف شهرية للأسئلة المفتوحة. 3. إشراك الفريق في وضع خطط قصيرة المدى. 4. اعتماد Google Sheet مشترك للمشاريع. 5. اعتماد شخص مساعد لمهام التشغيل. 6. تصميم ملف رؤية شهري للفريق. | G6: - أداء متقارب مع 2024. - من الأقل جدلًا، ومن الأقل تركيزًا في التعليقات.
A7: عبدالوهاب محمد | B7: 1. قائد ملهم بالفطرة. 2. دائم التشجيع ومُحب للفريق. 3. صادق في مرئياته ويدعم التطوير. 4.، يخلق بيئة محفزة وودية. 5. يشارك النجاح مع الفريق. 6. توجيهاته فعالة وغير متسلطة. | C7: 1. خطر تحميله أكثر من طاقته. 2. أحيانًا يميل للاندماج في كل التفاصيل. 3. لا يضع حدودًا واضحة بينه وبين مهام الفريق. 4. كثرة الأدوار تقلل من فعاليته كقائد. 5. بعض الأعضاء لا يتلقون مرئيات كافية. 6. يحتاج فصلًا بين دوره الإداري والفني. | D7: 1. قصر مهامه على الإدارة والتطوير، لا الإنتاج. 2. تعيين مدير تنفيذ تحت إشرافه. 3. توثيق المرئيات بعد كل مشروع. 4. جدول شهري للقاء الفريق حول الأداء. 5. التركيز على التخطيط أكثر من التشغيل. 6. توزيع المهام بشكل استراتيجي، لا عاطفي. | E7: - فريق متعدد المهارات بحاجة لقائد ثقافي وأخلاقي. - يجب وجود قائد فني معه للجانب التشغيلي. | F7: 1. تحديد سقف المهام المقبولة له. 2. تعيين مسؤول إنتاج يدير المصورين. 3. توثيق مراجعات الأداء نصف شهرية. 4. تقليل عدد المشاريع المفتوحة في وقت واحد. 5. تدريب نائب إداري يساعده في المتابعة. 6. التفرغ للجانب القيادي والتخطيط طويل المدى. | G7: - قفزة نوعية مقارنة بـ 2024. - الأعلى في “الثقة” و“الدعم”، مع ملاحظات حول الإجهاد. - مقارنة بالبقية: الأقوى عاطفيًا وإنسانيًا، يحتاج دعمًا إداريًا.
A8: عبدالله الغامدي | B8: 1. يحب التطوير وتحسين آليات العمل. 2. منفتح للنقد والتعديل. 3. ملتزم بالنتائج النهائية. 4. يملك قدرة على رؤية التفاصيل. 5. مهتم بجودة الإنتاج. 6. يحاول دعم الفريق رغم التحديات. | C8: 1. تدخّل في التفاصيل حتى بعد التفويض. 2. قرارات تتغير فجأة وبدون شرح. 3. الأولويات غير واضحة ولا يُراجعها دوريًا. 4. يراقب الفريق بطريقة تضيف توترًا. 5. المركزية والاعتماد على الذات في المتابعة. 6. لا يملك آلية تنظيمية ثابتة. | D8: 1. وثّق الأولويات كل أسبوعين في ملف واضح. 2. بعد التفويض، راقب عن بعد ولا تتدخل إلا عند الخلل. 3. نظّم جلسات مراجعة سريعة (15 دقيقة) كل أسبوع. 4. استخدم أدوات مؤشرات الأداء لمتابعة النتائج بدون تدخل. 5. فصّل المهام الكبرى ووزع المسؤوليات بدقة. 6. راجع الهيكل الإداري لمشاريعك وتأكد أن لكل مشروع مديرًا واضحًا. | E8: - فرق إنتاجية عملية تحتاج توجيهًا واضحًا. -ريشترط وجود تنفيذيين مساعدين لمتابعة التفاصيل. | F8: 1. هيكلة ملف “أولويات الشهر” بصيغة قابلة للتعديل. 2. توثيق المهام لكل شخص أسبوعيًا. 3. تدريب مساعد مدير مشروع. 4. تقليل الاجتماعات الطويلة والتركيز على التحديثات المكتوبة. 5. استخدام Dashboards لمتابعة التنفيذ. 6. تخصيص ساعة أسبوعيًا فقط للتوجيه العام. | G8: - تقييم شبه ثابت منذ 2024. - لم تحدث نقلة نوعية، لكن لا يزال الفريق يعاني من نفس المشكلة. - مقارنة بالبقية: جيد في التحفيز، ضعيف في التنظيم.
A9: عمار الطحان | B9: 1. قيادي حازم وواضح في التوجيه. 2. يركز على النتائج. 3. سريع في اتخاذ القرار. 4. يهتم بجودة الإخراج النهائي. 5. دقيق في المواعيد والانضباط. 6. يعمل بهدوء دون توتر الفريق. | C9: 1. لا يعطي مساحات كثيرة للحوار. 2. لا يشارك خلفية قراراته. 3. يفتقر لأسلوب التشجيع العاطفي. 4. قد يُشعر الفريق أنه تحت رقابة دائمة. 5. لا يستخدم التغذية الراجعة بشكل منتظم. 6. قلة في التواصل غير الرسمي. | D9: 1. إضافة جلسات 1:1 شهرية. 2. مشاركة الرؤية خلف القرارات الكبرى. 3. استخدام أسلوب سؤال-جواب بدل إعطاء التعليمات فقط. 4. تشجيع الإبداع لا الالتزام فقط. 5. مشاركة الإنجازات مع الفريق. 6. جعل النجاح "جماعياً" وليس فرديًا. | E9: - فرق عملياتية، واضحة الهيكل، تحب العمل الدقيق وليس الإبداعي. | F9: 1. تحديد أهداف قصيرة المدى واضحة مع الفريق. 2. فتح مساحة للحوار الشهري. 3. استخدام تقارير مرئية لعرض الأداء بدل النقد الفردي. 4. تخصيص وقت للإجابة على استفسارات الفريق كتابيًا. 5. استخدام استطلاع شهري سريع لقياس الرضا. 6. إتاحة التجريب مرة شهريًا في مشاريع غير رسمية. | G9: - تقييم متوسط، لا نقد حاد ولا مدح عاطفي. - مقارنة بالبقية: قوي في النتائج، أضعف في المشاعر والمرونة.
A10: لينا الشهري | B10: 1. تتواصل بلطف واحترام. 2. تُظهر تعاطفًا وتفهمًا مع الفريق. 3. تهتم بالملاحظات وتسمع جيدًا. 4. تخلق بيئة آمنة للحوار. 5. تعزز الجانب الإنساني في الإدارة. 6. لا تفرض نفسها أو تتسلط. | C10: 1. الحزم غير واضح في لحظات اتخاذ القرار. 2. أحيانًا تتردد في التدخل الحاسم. 3. الأولويات تتغير دون إشعار كافٍ. 4. مهام بعض الأعضاء غير واضحة. 5. بعض الفريق يشعر بالغموض في التوجيه. 6. ضعف استخدام الأدوات التوثيقية. | D10: 1. توضيح مسؤوليات كل فرد في الفريق كتابيًا. 2. تعزيز الحزم وقت الخلل دون التنازل عن اللطف. 3. استخدام أدوات لإدارة الأولويات (Trello / Basecamp). 4. توثيق جميع النقاشات الكبرى. 5. تكرار الأهداف بشكل دوري أمام الفريق. 6. إدخال منهجية "ما تم/ما القادم" أسبوعيًا. | E10: - فرق حساسة أو جديدة، تحتاج دعمًا نفسيًا عاليًا وأسلوبًا إنسانيًا. | F10: 1. فتح جلسة تقييم أداء شهرية مع الفريق. 2. تحديد أولويات مكتوبة أسبوعيًا. 3. اعتماد مرجع واضح للقرارات الرئيسية. 4. تدريب أحد الأعضاء ليكون منسقًا معها. 5. إعداد مسار تطوير فردي لكل عضو. 6. استخدام ملاحظات جماعية بعد كل مشروع. | G10: - تقدمت عن 2024 في الثقة، لكن الثبات ما زال ظاهرًا. - مقارنةً بعلي أو عمار: قوية إنسانيًا، بحاجة لحسم إداري أقوى.
A11: محمد الحرازي | B11: 1. واضح ومنظم جدًا. 2. يهتم بالنتيجة والجودة. 3. لا يضغط على الفريق ميدانيًا. 4. يُظهر هدوءًا في القيادة. 5. يعامل الفريق بموضوعية. 6. يُركّز على التفاصيل المهمة فقط. | C11: 1. لا يُشارك أبعاد القرارات دائمًا. 2. لا يعطي مساحة كافية للإبداع. 3. التوجيه أحيانًا يكون آمرًا لا نقاشيًا. 4. لا يُراجع الأداء إلا عند الخطأ. 5. قلة الدعم العاطفي. 6. البعض يشعر أنه بعيد عن الفريق. | D11: 1. مشاركة السياق الكامل خلف القرارات. 2. تخصيص وقت شهري للأسئلة والاقتراحات. 3. توضيح معايير التقييم بانتظام. 4. تشجيع التجريب ولو جزئيًا. 5. تنظيم جلسات 1:1 دورية. 6. دمج مرئيات الفريق في التحسينات. | E11: - فرق تقنية أو تنفيذية عالية الانضباط، ولا تحتاج دعمًا عاطفيًا كبيرًا. | F11: 1. إرسال مستند شهري للتحديثات. 2. تفعيل قنوات استلام الاقتراحات. 3. تقليل صيغة "افعل" وزيادة "نقترح أن". 4. تفعيل قائمة تتبع المهام مع متابعة أسبوعية. 5. إدخال عنصر "الاحتفال بالنجاح". 6. تقليل الفجوة بينه وبين أعضاء الفريق الصامتين. | G11: - أداء ثابت مقارنة بـ 2024. - يُعد من أكثر المدراء تنظيمًا، لكن أقلهم مرونة.
A12: محمد عطالله | B12: 1. واضح جدًا في رؤيته. 2. يضع أهدافًا واقعية ومنظمة. 3. يهتم بتحسين مستوى الفريق. 4. يُشجّع على التطوير المستمر. 5. يتعامل باحترام ولا يتسلط. 6. منفتح للأفكار الجديدة. | C12: 1. لا يشارك خطط التطوير علنًا. 2. الفريق أحيانًا يجهل الأولويات. 3. لا توجد مراجعات أداء دورية. 4. التوقعات غير مكتوبة. 5. يحتاج دعمًا إداريًا لمتابعة التفاصيل. 6. بعض أعضاء الفريق يرون الفجوة في التواصل. | D12: 1. كتابة خطة عمل شهرية مع مراجعة واضحة. 2. تحديد أهداف لكل عضو في بداية كل ربع. 3. إشراك الفريق في التخطيط الدوري. 4. مراجعة الأداء بشكل رسمي كل 45 يوم. 5. توثيق كل مشروع أو تغيير في Google Docs. 6. تفعيل مراجعة 360 درجة كل 6 أشهر. | E12: - فرق تركز على التحسين المستمر، ولديها حس المبادرة العالي. | F12: 1. إنشاء وثيقة الأولويات الشهرية. 2. تحديد وقت للأسئلة المفتوحة مع الفريق. 3. تعيين مساعد إداري لمتابعة التنفيذ. 4. استخدام Dashboard لتتبع الأداء. 5. إشراك الفريق في KPIs. 6. إرسال تقرير أداء ربع سنوي لكل عضو. | G12: - تحسن واضح عن 2024 في المرونة والتواصل. - مقارنة ببقية المدراء، هو في "المنطقة الدافئة"؛ جيد لكنه يحتاج نقلته النوعية التالية.
... A18: وديان بحه | B18: 1. شخص منظم جدًا. 2. واضحة وصادقة في التواصل. 3. تعطي الفريق مساحات جيدة. 4. تنظم أولويات العمل بفعالية. 5. تتابع المهام دون إزعاج. 6. تساعد بدون فرض. | C18: 1. أحيانًا تتأخر في إعطاء التغذية الراجعة. 2. بعض التوجيهات غير واضحة. 3. لا يتم مشاركة الصورة الكبرى دائمًا. 4. الفريق لا يعرف أحيانًا كيف يتم تقييمه. 5. لا توجد جلسات تطوير رسمية. 6. الفصل بين العلاقات والعمل ضعيف أحيانًا. | D18: 1. مشاركة الخطة الكبرى مع الفريق كل شهر. 2. تصميم وثيقة أهداف. 3. تقليل التوجيه غير المكتوب. 4. تفعيل تقييم الأداء الفردي. 5. إدخال أدوات دعم إداري. 6. تحديد وقت للقرارات الحاسمة كل أسبوع. | E18: - فرق تحب التنظيم ولا تحب التكرار أو المفاجآت. | F18: 1. إرسال خطة مكتوبة كل أسبوعين. 2. تقويم مواعيد التغذية الراجعة. 3. فتح تقييم 360 درجة كل 6 أشهر. 4. اعتماد Google Doc مشترك للأهداف. 5. متابعة الأداء KPI نصف شهري. 6. تحديد وقت “نقاش صريح” شهري. | G18: - تقدم ملحوظ مقارنة بـ 2024، وتقييم عالٍ في "النظام والوضوح".

Sheet 2024 مقارنة ب 2025
B1: تقييم القادة 2024 - 2025 | J1: أغسطس 2024
B2: متوسط تقييم القادة | D2: 8.2 | F2: 7.91 | J2: متوسط تقييم القادة | L2: 8 | N2: 7.91
B3: عدد التقييمات | D3: 85 | F3: 85 | J3: عدد التقييمات | L3: 85 | N3: 85
B4: عدد المجاملين المستبعدين | D4: 10 | F4: 5 | J4: عدد المجاملين تم إبعادهم | L4: 10 | N4: 5
B5: عدد القادة | D5: 23 | F5: 20 | J5: عدد المدراء | L5: 23 | N5: 20
E8: من الأعلى للأقل⬇ | K8: من الأعلى للأقل⬇
C9: أغسطس 2024 | E9: أبريل 2025 | G9: مقارنة بين الدورتين | H9: توصيات الموارد البشرية | K9: أغسطس 2024 | M9: أبريل 2025
B10: إسم المدير | C10: متوسط التقييم | D10: عدد المُقيمين | E10: متوسط التقييم | F10: عدد المُقيمين | J10: إسم المدير | K10: متوسط التقييم (بعد تعديل المجاملين) | L10: عدد المُقيمين | M10: متوسط التقييم (بعد تعديل المجاملين) | N10: عدد المُقيمين
B11: إبراهيم القرعاوي | C11: 6.9375 | D11: 7 | E11: - | F11: 1 | H11: توظيف فريق أكبر (1-2 منتجي محتوى) بالاضافة التركيز على المهام والمشاريع المفتوحة والعالقة. والتفرغ الكامل للاستديوهات. متى يكون جاهز ليرجع إداريًا لأبومالح؟ | J11: إبراهيم القرعاوي | K11: 6.9375 | L11: 7 | M11: - | N11: 1 | O11: ⬆
B12: البراء العوهلي | C12: 9.25 | D12: 2 | E12: - | F12: 1 | H12: التركيز على فريق الثقافة الحالي، وتوزع المهام والأدوار بفعالية بحسب مستوى وراتب كل فرد. يحتاج أن يلتزم بالخط الزمني للمشاريع، ويحدد الأولويات، خاصة بما يخص "في ثمانية". | J12: البراء العوهلي | K12: 9.25 | L12: 2 | M12: - | N12: 1 | O12: ⬇
B13: شهاب سمير | C13: 9.40625 | D13: 2 | E13: - | F13: 0 | H13: يحتاج توظيف 1-2 في المالية، حتى يتمكن من مشاركة أدوار أكبر مع مصطفى وأحمد -مع ضرورة كونهم سعوديين لأسباب رقابية-. | J13: شهاب سمير | K13: 9.40625 | L13: 2 | M13: - | N13: 0
B14: عبدالقدوس | C14: 9.0416667 | D14: 3 | E14: - | F14: 1 | H14: تطوير قيادته وتوظيفه لفريق الموارد البشرية. التركيز على الأولويات واغلاق المهام العالقة. | J14: عبدالقدوس | K14: 9.0416667 | L14: 3 | M14: - | N14: 1
B15: وهاب محمد | C15: 7.390625 | D15: 4 | E15: 9.33 | F15: 3 | G15: ⬆⬆ | H15: أثبت إدارته لفريقه + إدارة البيانات. الاقتراح أنه يتولى فريق المنتجين + موفق. | J15: وهاب محمد | K15: 7.390625 | L15: 4 | M15: 9.33 | N15: 3
B16: معاذ الحربي | C16: 7.4375 | D16: 3 | E16: 9.25 | F16: 2 | G16: ⬆⬆ | H16: يحتاج لتوظيف فريق أكبر وفريق متواجد في المكتب ومتوائم مع ثقافة ثمانية. يحتاج مراجعة المستهدفات الفعلية للقسم حتى يتأكد لعدم إهماله لفريق معين. وتمكين القادة «رزان ولينا» | J16: معاذ الحربي | K16: 7.4375 | L16: 3 | M16: 9.25 | N16: 2
B17: علي بوصالح | C17: 9.0714286 | D17: 7 | E17: 9.09 | F17: 2 | H17: لا زال ضغط فريق التقنية مرتفع. حاب أعرف لو دخول الموظفين الجدد -خاصة في إدارة المنتج- ساعد؟ هل نحتاج نوظف أكثر؟ مسؤوليات علي لا تنتهي، وخاصة المزايا الجديدة في تطبيق راديو ثمانية، لازم يحدد الأولويات ويضع خطة واضحة لتطوير منتجات ثمانية التقنية. يحتاج يعطي مسؤولية أكبر للفريق، خاصة عطالله. لازم ينتبه على أداء الفريق، ويفصل الضعيف منهم، خاصة لمن يحتاج متابعة دائمة أو تدقيق في جودة البرمجة والمخرجات. | J17: علي بوصالح | K17: 9.0714286 | L17: 7 | M17: 9.09 | N17: 2
B18: لينا الشهري | C18: - | E18: 9.01 | F18: 3 | H18: تحتاج لتمكين أكبر، تكون متواجدة بشكل أكبر وتركز على الجانب الإداري أكثر من الإبداعي. | J18: لينا الشهري | K18: - | M18: 9.01 | N18: 3
B19: مشاري الحمود | C19: 8.140625 | D19: 8 | E19: 8.8 | F19: 8 | G19: ⬆ | H19: يحتاج يعين قادة تحته، لتخفيف الموظفين المباشرين إلى 6 كحد أقصى، حتى يلتزم أكثر في المواعيد والتدقيق في المحتوى. | J19: مشاري الحمود | K19: 8.140625 | L19: 8 | M19: 8.8 | N19: 8
B20: موفق | C20: - | E20: 8.76 | F20: 5 | H20: أموره تمام، لكنه دائمًا يطلب راتب أعلى ب25٪ من الحالي، ف هل هو مرتاح؟ فريقه مضغوط، كانوا 6 مخرجين واللحين 3 فقط، مع زيادة المشاريع. | J20: موفق | K20: - | M20: 8.76 | N20: 5
B21: محمد عطاالله | C21: 8.6875 | D21: 3 | E21: 8.51 | F21: 6 | H21: يحتاج يطور من قيادته للفريق، ويشدد عليهم، ويعين قادة معه. | J21: محمد عطاالله | K21: 8.6875 | L21: 3 | M21: 8.51 | N21: 6
B22: أنس الأهدل | C22: 8.2291667 | D22: 6 | E22: 8.28 | F22: 6 | H22: مع تغييرات هيكلة فريق التسويق، نختبر لو أنس فعليًا بمثابة "نائب رئيس" لفريق النمو والنشر، أو نحدد دوره لأحدهم؟ أكثر مدير يرقي ويوظف موظفين ومستقلين، يحتاج متابعة بخصوصها. | J22: أنس الأهدل | K22: 8.2291667 | L22: 6 | M22: 8.28 | N22: 6
B23: عبدالرحمن أبومالح | C23: 7.88 | D23: 7 | E23: 7.51 | F23: 5 | G23: ⬇ | H23: فتح باب التواصل أكثر بينه وبين الأقسام، بجلسات شهرية أو ربعية مع كل تنفيذي. يفعّل التواصل المباشر في المهام والمشاريع، ولا يسكت عن الخطأ من أول مرة، و بأسلوب مناسب. ترتيب الأوليات لدى الأقسام. أثره مهم، لكن أحيانًا غائب عن الفريق وموظفي ثمانية. ولو بكلمة طيبة أو تقدير. يحتاج تطوير للمهارات الإدارية، ياخذ دورة مثلًا؟
B24: أسيل باعبدالله - إنتاج | C24: 7.67 | D24: 7 | E24: 7.66 | F24: 2 | H24: - | J24: أسيل باعبدالله - إنتاج | K24: 7.67 | L24: 7 | M24: 7.66 | N24: 2
B25: فيصل الغامدي | C25: 8.09375 | D25: 6 | E25: 7.47 | F25: 4 | G25: ⬇ | H25: يمنع توظيف أي موظف/متدرب/مستقل جديد في فريقه، ما عدا مدير تطوير الأعمال باعتماد أبومالح والبراء. وإذا لم ينجح الموظف الجديد، فيتغير دور فيصل كقائد. | J25: فيصل الغامدي | K25: 8.09375 | L25: 6 | M25: 7.47 | N25: 4
B26: عمار الطحان | C26: - | E26: 7.47 | F26: 4 | H26: يحتاج مراجعة لإدارته للفريق. حول تقييمات فريقه والمدير، فهو شديد عليهم شوي، ولكن هذا الشيء طبيعي. | J26: عمار الطحان | K26: - | M26: 7.47 | N26: 4
B27: عبدالله الغامدي | C27: - | E27: 7.46 | F27: 4 | H27: يمنع توظيف أي موظف/متدرب/مستقل جديد، إلا بعد تطوير إدارته للفريق الحالي وارتفاع معدل التقييم، وحتى يعتمد على قراراته بدون تأثير وتدخل دائم من فيصل. | J27: عبدالله الغامدي | K27: - | M27: 7.46 | N27: 4
B28: محمد هاني | C28: 7.71875 | D28: 4 | E28: 7.34 | F28: 7 | G28: ⬇ | H28: يمنع توظيف أي موظف/متدرب/مستقل جديد، إلا بعد تطوير إدارته للفريق الحالي وارتفاع معدل التقييم، خاصة فيما يتعلق بأسلوبه وتعامله السلبي مع الفريق مما أثر نفسيًا على فريقه. | J28: محمد هاني | K28: 7.71875 | L28: 4 | M28: 7.34 | N28: 7
B29: أسيل باعبدالله - كامل | C29: 7.29375 | D29: 10 | E29: 7.19 | F29: 4 | G29: ⬇ | H29: تحتاج توظف نائب أو مدير معها + مساعد، وتغيير الهيكلة بحسب تقييمات القادة، وتركز أكثر على الفريق الحالي وتوزيع أدوارهم قبل فتح باب التوظيف. تحتاج تفعّل التواصل الداخلي في الفريق، وتعيد ترتيب خطة وآلية الإنتاج، فيه مشاكل عديدة ما أنلحت إلى الآن. رائعة ولكن تحتاج تتفرغ للصورة الكبيرة ومستقبل الإنتاج. | J29: أسيل باعبدالله - كامل | K29: 7.29375 | L29: 10 | M29: 7.19 | N29: 4
B30: نواف قوارش | C30: - | E30: 7.17 | F30: 5 | H30: هل ينفع يكون قائد؟ أو يبقى في المسار الفردي ونعين مدير آخر؟ | J30: نواف قوارش | K30: - | M30: 7.17 | N30: 5
B31: أسيل باعبدالله - تسويق | C31: 6.35 | D31: 3 | E31: 6.66 | F31: 2 | H31: - | J31: أسيل باعبدالله - تسويق | K31: 6.35 | L31: 3 | M31: 6.66 | N31: 2
B32: ميسم المنيع | C32: 8.5 | D32: 7 | E32: 5.22 | F32: 7 | G32: ⬇⬇ | H32: ميسم كان تقييمها دائمًا خضر، لكن من رمضان ويبدوا أنها تمر بحالة شخصية. يحتاج تقليص بعض من فريقها وانتقالهم إلى وهاب حتى تركز على فريقها والعمليات أكثر . المشكلة الأساسية أنها لا تشعر بأن اللي يحصل حاليًا مشكلة، وهذا خطأ بحد ذاته. لازم القائد يكون مسؤول وواعي بالمشاكل ويبادر في حلها. | J32: ميسم المنيع | K32: 8.5 | L32: 7 | M32: 5.22 | N32: 7
B35: 0-60 | C35: 60-70 | D35: 70-80 | E35: 80-90 | F35: 90-100
F36: من الأعلى للأقل⬇
B37: الأسئلة | E37: أغسطس 2024 | F37: أبريل 2025 | G37: التغيير مقارنة | J37: الأسئلة | M37: أغسطس 2024 | N37: أبريل 2025
B38: مُديري يقدم يد العون والمشورة في العمل متى ما طلبت منه. | E38: 9.1609195 | F38: 8.9228451 | G38: ⬇ | J38: مُديري فعّال في توصيل المعلومة والأفكار وإيضاح المهام. | M38: 8.2528736 | N38: 7.9879747
B39: مُديري يشجع ويدعم التفكير الإبداعي والأفكار المختلفة. | E39: 8.6117647 | F39: 8.8120879 | G39: ⬆ | J39: مُديري لديه وعي ذاتي وذكاء عاطفي ويتفهم مشاعر الفريق. | M39: 8.4352941 | N39: 8.0343882
B40: مُديري يُمكّن ويحفّز استقلاليتي، وأشعر بثقته العالية بالفريق. | E40: 8.6321839 | F40: 8.4773056 | G40: ⬇ | J40: مُديري يؤثر في معنويات الفريق ويحفزني باستمرار. | M40: 7.9655172 | N40: 7.6808921
B41: مُديري يتخذ قرارات صائبة تصب في مصلحة العمل والفريق. | E41: 8.5172414 | F41: 8.3253767 | G41: ⬇ | J41: مُديري يبني ويضع أهداف طموحة وواقعية للقسم والفريق. | M41: 8.0114943 | N41: 7.6705847
B42: مُديري يحسن في تفويض المهام ومشاركتنا المسؤوليات. | E42: 8.4767442 | F42: 8.2089512 | G42: ⬇ | J42: مُديري يتخذ قرارات صائبة تصب في مصلحة العمل والفريق. | M42: 8.5172414 | N42: 8.3253767
B43: مُديري لديه وعي ذاتي وذكاء عاطفي ويتفهم مشاعر الفريق. | E43: 8.4352941 | F43: 8.0343882 | G43: ⬇ | J43: مُديري يحدد الأولويات، ويعيد ترتيب موارد الفريق بانتظام. | M43: 7.9885057 | N43: 7.5527426
B44: مُديري فعّال في توصيل المعلومة والأفكار وإيضاح المهام. | E44: 8.2528736 | F44: 7.9879747 | G44: ⬇ | J44: مُديري يحسن في تفويض المهام ومشاركتنا المسؤوليات. | M44: 8.4767442 | N44: 8.2089512
B45: مُديري يشجع ويسهل التعاون داخل الفريق. | E45: 8.5632184 | F45: 7.9745329 | G45: ⬇ | J45: مُديري يساهم في رفع الأداء والإنتاجية لدى الفريق. | M45: 8.0348837 | N45: 7.7550672
B46: مُديري يساهم في رفع الأداء والإنتاجية لدى الفريق. | E46: 8.0348837 | F46: 7.7550672 | G46: ⬇ | J46: مُديري يستثمر وقتاً وجهدًا لتطويري مهنيًا وعمليًا. | M46: 6.7647059 | N46: 6.5384615
B47: مُديري يعمل على تعزيز بيئة مشجعة وإيجابية تحت قيادته. | E47: 8.2528736 | F47: 7.7015568 | G47: ⬇ | J47: مُديري يشاركني مرئيات بناءة تساعدني على التطور. | M47: 7.3908046 | N47: 7.4067812
B48: مُديري يؤثر في معنويات الفريق ويحفزني باستمرار. | E48: 7.9655172 | F48: 7.6808921 | G48: ⬇ | J48: مُديري يشجع ويدعم التفكير الإبداعي والأفكار المختلفة. | M48: 8.6117647 | N48: 8.8120879
B49: مُديري يبني ويضع أهداف طموحة وواقعية للقسم والفريق. | E49: 8.0114943 | F49: 7.6705847 | G49: ⬇ | J49: مُديري يشجع ويسهل التعاون داخل الفريق. | M49: 8.5632184 | N49: 7.9745329
... B51: مُديري يحدد الأولويات، ويعيد ترتيب موارد الفريق بانتظام. | E51: 7.9885057 | F51: 7.5527426 | G51: ⬇ | J51: مُديري يعمل على تعزيز بيئة مشجعة وإيجابية تحت قيادته. | M51: 8.2528736 | N51: 7.7015568
B52: مُديري يشاركني مرئيات بناءة تساعدني على التطور. | E52: 7.3908046 | F52: 7.4067812 | J52: مُديري يقدم يد العون والمشورة في العمل متى ما طلبت منه. | M52: 9.1609195 | N52: 8.9228451
B53: مُديري يستثمر وقتاً وجهدًا لتطويري مهنيًا وعمليًا. | E53: 6.7647059 | F53: 6.5384615 | G53: ⬇ | J53: مُديري يُمكّن ويحفّز استقلاليتي، وأشعر بثقته العالية بالفريق. | M53: 8.6321839 | N53: 8.4773056
B55: طريقة العمل | E55: 8.66 | F55: =AVERAGE(F38:F41) -> 8.6344038 | G55: ⬇ | J55: طريقة العمل | M55: 8.66 | N55: 7.8434599
B56: قيادة الفريق | E56: 8.2011494 | F56: =AVERAGE(F42:F45) -> 8.0514617 | G56: ⬇ | J56: قيادة الفريق | M56: 8.2011494 | N56: 7.9605344
B57: الوضوح والأولويات | E57: 8.17 | F57: =AVERAGE(F46:F49) -> 7.7020252 | G57: ⬇ | J57: الوضوح والأولويات | M57: 8.17 | N57: 7.6829659
B58: الدعم والتطور | E58: 7.74 | F58: =AVERAGE(F50:F53) -> 7.2700626 | G58: ⬆ | J58: الدعم والتطور | M58: 7.74 | N58: 8.1709931

Sheet ملخص 2025
D2: متوسط تقييم القادة | E2: 7.91
D3: عدد التقييمات | E3: 85 | G3: عدد المجاملين | H3: 5
A4: عدد المدراء | B4: =IFERROR(__xludf.DUMMYFUNCTION("COUNTUNIQUE('بعد تعديل المجاملين - أغسطس 202'!E:E)"),26.0) -> 26 | D4: عدد المدراء | E4: 20
A5: متوسط الشركة | B5: ='بعد تعديل المجاملين - أغسطس 202'!AF99 -> 8.0605469
E6: من الأعلى للأقل⬇ | J6: من الأعلى للأقل⬇ | N6: من الأعلى للأقل⬇
A7: إسم المدير | B7: متوسط التقييم | C7: عدد المُقيمين | D7: إسم المدير | E7: متوسط التقييم (بعد تعديل المجاملين) | F7: المجاملين | G7: عدد المُقيمين | I7: الأسئلة | J7: متوسط التقييم | L7: المستائين طبيعي إما يستقيلوا أو ينفصلوا أو يتغير دورهم/مديرهم أو خطة تطوير
A8: {=UNIQUE('تقييم القادة مايو 2025 - معتمد'!E3:E100)} -> أسيل باعبدالله | B8: =AVERAGEIF('تقييم القادة مايو 2025 - معتمد'!E$2:E$100,A8,'تقييم القادة مايو 2025 - معتمد'!AF$2:AF$100) -> 7.1875 | D8: وهاب محمد | E8: 9.33 | G8: 3 | I8: مُديري يقدم يد العون والمشورة في العمل متى ما طلبت منه. | J8: 8.9228451 | L8: الموظف | M8: المدير | N8: التقييم
A9: أنس الأهدل | B9: =AVERAGEIF('تقييم القادة مايو 2025 - معتمد'!E$2:E$100,A9,'تقييم القادة مايو 2025 - معتمد'!AF$2:AF$100) -> 8.1652778 | D9: معاذ الحربي | E9: 9.25 | G9: 2 | I9: مُديري يشجع ويدعم التفكير الإبداعي والأفكار المختلفة. | J9: 8.8120879 | L9: وهاب | M9: ميسم المنيع | N9: 2.75
A10: عبدالرحمن أبومالح | B10: =AVERAGEIF('تقييم القادة مايو 2025 - معتمد'!E$2:E$100,A10,'تقييم القادة مايو 2025 - معتمد'!AF$2:AF$100) -> 7.5125 | D10: علي بوصالح | E10: 9.09 | G10: 2 | I10: مُديري يُمكّن ويحفّز استقلاليتي، وأشعر بثقته العالية بالفريق. | J10: 8.4773056 | L10: محمد باحسن | M10: ميسم المنيع | N10: 3
A11: عبدالله الغامدي | B11: =AVERAGEIF('تقييم القادة مايو 2025 - معتمد'!E$2:E$100,A11,'تقييم القادة مايو 2025 - معتمد'!AF$2:AF$100) -> 7.5416667 | D11: لينا الشهري | E11: 9.01 | G11: 3 | I11: مُديري يتخذ قرارات صائبة تصب في مصلحة العمل والفريق. | J11: 8.3253767 | L11: أيمن خالد | M11: ميسم المنيع | N11: 5.1875
A12: عبدالوهاب محمد | B12: =AVERAGEIF('تقييم القادة مايو 2025 - معتمد'!E$2:E$100,A12,'تقييم القادة مايو 2025 - معتمد'!AF$2:AF$100) -> 9.3333333 | D12: مشاري الحمود | E12: 8.8 | G12: 8 | I12: مُديري يحسن في تفويض المهام ومشاركتنا المسؤوليات. | J12: 8.2089512 | L12: محمد جعفر | M12: وديان بحه | N12: 5.3125
A13: علي بوصالح | B13: =AVERAGEIF('تقييم القادة مايو 2025 - معتمد'!E$2:E$100,A13,'تقييم القادة مايو 2025 - معتمد'!AF$2:AF$100) -> 9.09375 | D13: موفق | E13: 8.76 | G13: 5 | I13: مُديري لديه وعي ذاتي وذكاء عاطفي ويتفهم مشاعر الفريق. | J13: 8.0343882 | L13: وديان | M13: أسيل باعبدالله | N13: 5.3125
A14: عمار الطحان | B14: =AVERAGEIF('تقييم القادة مايو 2025 - معتمد'!E$2:E$100,A14,'تقييم القادة مايو 2025 - معتمد'!AF$2:AF$100) -> 8.4118056 | D14: نواف قوارش | E14: 8.69 | G14: 3 | I14: مُديري فعّال في توصيل المعلومة والأفكار وإيضاح المهام. | J14: 7.9879747 | L14: محمود أبو ندى | M14: ميسم المنيع | N14: 5.7083333
A15: فيصل الغامدي | B15: =AVERAGEIF('تقييم القادة مايو 2025 - معتمد'!E$2:E$100,A15,'تقييم القادة مايو 2025 - معتمد'!AF$2:AF$100) -> 7.46875 | D15: عمار الطحان | E15: 8.58 | G15: 6 | I15: مُديري يشجع ويسهل التعاون داخل الفريق. | J15: 7.9745329 | L15: عبدالله مقيبل | M15: محمد الحرازي | N15: 6
A16: لينا الشهري | B16: =AVERAGEIF('تقييم القادة مايو 2025 - معتمد'!E$2:E$100,A16,'تقييم القادة مايو 2025 - معتمد'!AF$2:AF$100) -> 9.1305556 | D16: محمد عطاالله | E16: 8.51 | G16: 6 | I16: مُديري يساهم في رفع الأداء والإنتاجية لدى الفريق. | J16: 7.7550672 | L16: زياد السرور | M16: عبدالله الغامدي | N16: 6
A17: محمد الحرازي | B17: =AVERAGEIF('تقييم القادة مايو 2025 - معتمد'!E$2:E$100,A17,'تقييم القادة مايو 2025 - معتمد'!AF$2:AF$100) -> 7.4368197 | D17: أنس الأهدل | E17: 8.28 | G17: 6 | I17: مُديري يعمل على تعزيز بيئة مشجعة وإيجابية تحت قيادته. | J17: 7.7015568 | L17: فيصل | M17: عبدالرحمن أبومالح | N17: 6.1875
A18: محمد عطالله | B18: =AVERAGEIF('تقييم القادة مايو 2025 - معتمد'!E$2:E$100,A18,'تقييم القادة مايو 2025 - معتمد'!AF$2:AF$100) -> 8.5532738 | D18: أسيل باعبدالله - إنتاج | E18: 7.66 | G18: 2 | I18: مُديري يؤثر في معنويات الفريق ويحفزني باستمرار. | J18: 7.6808921 | L18: نواف قوارش | M18: وديان بحه | N18: 6.375
A19: مشاري الحمود | B19: =AVERAGEIF('تقييم القادة مايو 2025 - معتمد'!E$2:E$100,A19,'تقييم القادة مايو 2025 - معتمد'!AF$2:AF$100) -> 8.8567708 | D19: عبدالرحمن أبومالح | E19: 7.51 | G19: 5 | I19: مُديري يبني ويضع أهداف طموحة وواقعية للقسم والفريق. | J19: 7.6705847 | L19: محمد هاني | M19: ميسم المنيع | N19: 6.375
A20: معاذ المغذوي | B20: =AVERAGEIF('تقييم القادة مايو 2025 - معتمد'!E$2:E$100,A20,'تقييم القادة مايو 2025 - معتمد'!AF$2:AF$100) -> 9.25 | D20: فيصل الغامدي | E20: 7.47 | G20: 4 | I20: مُديري يُشرك الفريق ويشاورهم عند اتخاذ القرارات. | J20: 7.582265 | L20: غيداء التميمي | M20: ميسم المنيع | N20: 6.5625
... A23: نواف قوارش | B23: =AVERAGEIF('تقييم القادة مايو 2025 - معتمد'!E$2:E$100,A23,'تقييم القادة مايو 2025 - معتمد'!AF$2:AF$100) -> 8.6875 | D23: أسيل باعبدالله - كامل | E23: 7.19 | G23: 4 | I23: مُديري يستثمر وقتاً وجهدًا لتطويري مهنيًا وعمليًا. | J23: 6.5384615 | L23: محمد نور | M23: محمد الحرازي | N23: 7
A24: وديان بحه | B24: =AVERAGEIF('تقييم القادة مايو 2025 - معتمد'!E$2:E$100,A24,'تقييم القادة مايو 2025 - معتمد'!AF$2:AF$100) -> 7.1675 | D24: وديان | E24: 7.17 | G24: 5 | L24: مرام الضبيبان | M24: محمد الحرازي | N24: 7.125
D25: أسيل باعبدالله - تسويق | E25: 6.66 | G25: 2 | I25: طريقة العمل | J25: =AVERAGE(J8:J11) -> 8.6344038 | L25: ميسم المنيع | M25: أسيل باعبدالله | N25: 7
D26: ميسم المنيع | E26: 5.22 | G26: 7 | I26: قيادة الفريق | J26: =AVERAGE(J12:J15) -> 8.0514617 | L26: شهاب | M26: فيصل الغامدي | N26: 5.56
I27: الوضوح والأولويات | J27: =AVERAGE(J16:J19) -> 7.7020252
I28: الدعم والتطور | J28: =AVERAGE(J20:J23) -> 7.2700626

Sheet الملخص 2024
E2: متوسط تقييم القادة | F2: 8.1989053 | H2: باستثناء المجاملين | I2: 8
E3: عدد التقييمات | F3: 95 | H3: عدد المجاملين | I3: 10
A4: عدد المدراء | B4: =IFERROR(__xludf.DUMMYFUNCTION("COUNTUNIQUE('بعد تعديل المجاملين - أغسطس 202'!E:E)"),26.0) -> 26 | E4: عدد المدراء | F4: 23
A5: متوسط الشركة | B5: ='بعد تعديل المجاملين - أغسطس 202'!AF99 -> 8.0605469
F6: من الأعلى للأقل⬇ | K6: من الأعلى للأقل⬇ | O6: من الأعلى للأقل⬇
A7: إسم المدير | B7: متوسط التقييم | C7: عدد المُقيمين | E7: إسم المدير | F7: متوسط التقييم (بعد تعديل المجاملين) | G7: المجاملين | H7: عدد المُقيمين | J7: الأسئلة | K7: متوسط التقييم | M7: المستائين طبيعي إما يستقيلوا أو ينفصلوا أو يتغير دورهم/مديرهم أو خطة تطوير
A8: {=UNIQUE('بعد تعديل المجاملين - أغسطس 202'!E3:E98)} -> أسيل باعبدالله - فريق التسويق | B8: =AVERAGEIF('بعد تعديل المجاملين - أغسطس 202'!E$3:E$98,A8,'بعد تعديل المجاملين - أغسطس 202'!AF$3:AF$98) -> 6.3541667 | C8: 10 | E8: شهاب سمير | F8: 9.40625 | H8: 2 | J8: مُديري يقدم يد العون والمشورة في العمل متى ما طلبت منه. | K8: 9.1609195 | M8: الموظف | N8: المدير | O8: التقييم
A9: أسيل باعبدالله - فريق الإنتاج | B9: =AVERAGEIF('بعد تعديل المجاملين - أغسطس 202'!E$3:E$98,A9,'بعد تعديل المجاملين - أغسطس 202'!AF$3:AF$98) -> 7.6696429 | C9: 4 | E9: البراء العوهلي | F9: 9.25 | H9: 2 | J9: مُديري يُمكّن ويحفّز استقلاليتي، وأشعر بثقته العالية بالفريق. | K9: 8.6321839 | M9: عبدالله مقيبل | N9: محمد هاني | O9: 7.1875
A10: أصيل بافرط | B10: =AVERAGEIF('بعد تعديل المجاملين - أغسطس 202'!E$3:E$98,A10,'بعد تعديل المجاملين - أغسطس 202'!AF$3:AF$98) -> 7.875 | C10: 3 | E10: ريان الدعفس | F10: 9.125 | G10: 1 | H10: 2 | J10: مُديري يشجع ويدعم التفكير الإبداعي والأفكار المختلفة. | K10: 8.6117647 | M10: شهاب سمير | N10: فيصل الغامدي | O10: 7.125
A11: أنس الأهدل | B11: =AVERAGEIF('بعد تعديل المجاملين - أغسطس 202'!E$3:E$98,A11,'بعد تعديل المجاملين - أغسطس 202'!AF$3:AF$98) -> 8.2083333 | C11: 5 | E11: علي بوصالح | F11: 9.0714286 | G11: 1 | H11: 7 | J11: مُديري يشجع ويسهل التعاون داخل الفريق. | K11: 8.5632184 | M11: محمد نور شمت | N11: محمد هاني | O11: 7
A12: إبراهيم القرعاوي | B12: =AVERAGEIF('بعد تعديل المجاملين - أغسطس 202'!E$3:E$98,A12,'بعد تعديل المجاملين - أغسطس 202'!AF$3:AF$98) -> 6.9375 | C12: 7 | E12: عبدالقدوس | F12: 9.0416667 | G12: 1 | H12: 3 | J12: مُديري يتخذ قرارات صائبة تصب في مصلحة العمل والفريق. | K12: 8.5172414 | M12: رولا عبدالرحمن | N12: مشاري الحمود | O12: 7
A13: إيمان أسعد | B13: =AVERAGEIF('بعد تعديل المجاملين - أغسطس 202'!E$3:E$98,A13,'بعد تعديل المجاملين - أغسطس 202'!AF$3:AF$98) -> 9.375 | C13: 1 | E13: عمرو سلمان | F13: 8.7854167 | H13: 4 | J13: مُديري يحسن في تفويض المهام ومشاركتنا المسؤوليات. | K13: 8.4767442 | M13: غيداء التميمي | N13: ميسم المنيع | O13: 7
A14: البراء العوهلي | B14: =AVERAGEIF('بعد تعديل المجاملين - أغسطس 202'!E$3:E$98,A14,'بعد تعديل المجاملين - أغسطس 202'!AF$3:AF$98) -> 9.25 | C14: 4 | E14: محمد عطاالله | F14: 8.6875 | G14: 1 | H14: 3 | J14: مُديري لديه وعي ذاتي وذكاء عاطفي ويتفهم مشاعر الفريق. | K14: 8.4352941 | M14: عبدالملك آل سعيد | N14: مشاري الحمود | O14: 6.75
A15: جميل عبدالأحد | B15: =AVERAGEIF('بعد تعديل المجاملين - أغسطس 202'!E$3:E$98,A15,'بعد تعديل المجاملين - أغسطس 202'!AF$3:AF$98) -> 7.8333333 | C15: 7 | E15: ميسم المنيع | F15: 8.5 | G15: 1 | H15: 7 | J15: مُديري فعّال في توصيل المعلومة والأفكار وإيضاح المهام. | K15: 8.2528736 | M15: جميل عبدالأحد | N15: أسيل باعبدالله | O15: 6.6875
A16: ديمه العامر | B16: =AVERAGEIF('بعد تعديل المجاملين - أغسطس 202'!E$3:E$98,A16,'بعد تعديل المجاملين - أغسطس 202'!AF$3:AF$98) -> 8.5 | C16: 6 | E16: أنس الأهدل | F16: 8.2291667 | G16: 1 | H16: 6 | J16: مُديري يعمل على تعزيز بيئة مشجعة وإيجابية تحت قيادته. | K16: 8.2528736 | M16: مخلف آل زيدان | N16: إبراهيم القرعاوي | O16: 6.4375
A17: رامي هاشم | B17: =AVERAGEIF('بعد تعديل المجاملين - أغسطس 202'!E$3:E$98,A17,'بعد تعديل المجاملين - أغسطس 202'!AF$3:AF$98) -> 6.2916667 | C17: 6 | E17: مشاري الحمود | F17: 8.140625 | G17: 1 | H17: 8 | J17: مُديري يساهم في رفع الأداء والإنتاجية لدى الفريق. | K17: 8.0348837 | M17: رامي هاشم | N17: فيصل الغامدي | O17: 6.3125
A18: ريان الدعفس | B18: =AVERAGEIF('بعد تعديل المجاملين - أغسطس 202'!E$3:E$98,A18,'بعد تعديل المجاملين - أغسطس 202'!AF$3:AF$98) -> 9.125 | C18: 2 | E18: فيصل الغامدي | F18: 8.09375 | G18: 1 | H18: 6 | J18: مُديري يُشرك الفريق ويشاورهم عند اتخاذ القرارات. | K18: 8.0229885 | M18: إبراهيم القرعاوي | N18: أسيل باعبدالله | O18: 6.0625
A19: شهاب سمير | B19: =AVERAGEIF('بعد تعديل المجاملين - أغسطس 202'!E$3:E$98,A19,'بعد تعديل المجاملين - أغسطس 202'!AF$3:AF$98) -> 9.40625 | C19: 3 | E19: جميل عبدالأحد | F19: 8 | H19: 3 | J19: مُديري يبني ويضع أهداف طموحة وواقعية للقسم والفريق. | K19: 8.0114943 | M19: محمود أبوندى | N19: جميل عبدالأحد | O19: 6
A20: عبدالرحمن أبومالح | B20: =AVERAGEIF('بعد تعديل المجاملين - أغسطس 202'!E$3:E$98,A20,'بعد تعديل المجاملين - أغسطس 202'!AF$3:AF$98) -> 7.8660714 | C20: 3 | E20: عبدالرحمن أبومالح | F20: 7.8839286 | H20: 7 | J20: مُديري يحدد الأولويات، ويعيد ترتيب موارد الفريق بانتظام. | K20: 7.9885057 | M20: أميرة الطريسي | N20: رامي هاشم | O20: 6
A21: عبدالقدوس الحاج حسين | B21: =AVERAGEIF('بعد تعديل المجاملين - أغسطس 202'!E$3:E$98,A21,'بعد تعديل المجاملين - أغسطس 202'!AF$3:AF$98) -> 9.0416667 | C21: 2 | E21: محمد هاني | F21: 7.71875 | H21: 4 | J21: مُديري يؤثر في معنويات الفريق ويحفزني باستمرار. | K21: 7.9655172 | M21: محمد جعفر | N21: إبراهيم القرعاوي | O21: 5.75
A22: علي بوصالح | B22: =AVERAGEIF('بعد تعديل المجاملين - أغسطس 202'!E$3:E$98,A22,'بعد تعديل المجاملين - أغسطس 202'!AF$3:AF$98) -> 9.0714286 | C22: 4 | E22: أسيل باعبدالله - إنتاج | F22: 7.67 | H22: 7 | J22: مُديري يشاركني مرئيات بناءة تساعدني على التطور. | K22: 7.3908046 | M22: نواف قوارش | N22: إبراهيم القرعاوي | O22: 5.6875
A23: عمرو سلمان | B23: =AVERAGEIF('بعد تعديل المجاملين - أغسطس 202'!E$3:E$98,A23,'بعد تعديل المجاملين - أغسطس 202'!AF$3:AF$98) -> 8.75 | C23: 1 | E23: معاذ الحربي | F23: 7.4375 | H23: 3 | J23: مُديري يستثمر وقتاً وجهدًا لتطويري مهنيًا وعمليًا. | K23: 6.7647059 | M23: وديان بحه | N23: إبراهيم القرعاوي | O23: 5.6875
A24: فيصل الغامدي | B24: =AVERAGEIF('بعد تعديل المجاملين - أغسطس 202'!E$3:E$98,A24,'بعد تعديل المجاملين - أغسطس 202'!AF$3:AF$98) -> 8.09375 | C24: 3 | E24: وهاب محمد | F24: 7.390625 | H24: 4 | M24: فيصل الغامدي | N24: عبدالرحمن أبومالح | O24: 5.125
A25: محمد الحسن | B25: =AVERAGEIF('بعد تعديل المجاملين - أغسطس 202'!E$3:E$98,A25,'بعد تعديل المجاملين - أغسطس 202'!AF$3:AF$98) -> 8.9375 | C25: 1 | E25: أسيل باعبدالله - كامل | F25: 7.29375 | H25: 10 | J25: طريقة العمل | K25: 8.66 | M25: زياد السرور | N25: رامي هاشم | O25: 4.8125
A26: محمد بازيد | B26: =AVERAGEIF('بعد تعديل المجاملين - أغسطس 202'!E$3:E$98,A26,'بعد تعديل المجاملين - أغسطس 202'!AF$3:AF$98) -> 7.875 | C26: 3 | E26: محمد بازيد | F26: 7.03 | H26: 2 | J26: قيادة الفريق | K26: 8.2011494 | M26: معاذ الحربي | N26: أسيل باعبدالله | O26: 4.625
A27: محمد عطاالله | B27: =AVERAGEIF('بعد تعديل المجاملين - أغسطس 202'!E$3:E$98,A27,'بعد تعديل المجاملين - أغسطس 202'!AF$3:AF$98) -> 8.6875 | C27: 1 | E27: إبراهيم القرعاوي | F27: 6.9375 | G27: 1 | H27: 7 | J27: الوضوح والأولويات | K27: 8.17 | M27: محمد هاني | N27: معاذ الحربي | O27: 4.3125
A28: محمد هاني | B28: =AVERAGEIF('بعد تعديل المجاملين - أغسطس 202'!E$3:E$98,A28,'بعد تعديل المجاملين - أغسطس 202'!AF$3:AF$98) -> 7.71875 | C28: 3 | E28: أسيل باعبدالله - تسويق | F28: 6.35 | H28: 3 | J28: الدعم والتطور | K28: 7.74 | M28: عبدالمجيد العطاس | N28: وهاب محمد | O28: 2.9375
A29: مشاري الحمود | B29: =AVERAGEIF('بعد تعديل المجاملين - أغسطس 202'!E$3:E$98,A29,'بعد تعديل المجاملين - أغسطس 202'!AF$3:AF$98) -> 8.1484375 | C29: 2 | E29: رامي هاشم | F29: 6.2916667 | H29: 3 | N29: "كثرت الشكاوي عليهم"
A30: معاذ الحربي | E30: إيمان أسعد | F30: 0 | H30: 1 | I30: لا يوجد تقييمات كافية
A31: ميسم المنيع | E31: محمد الحسن | F31: 0 | G31: 1 | H31: 1
A32: وهاب محمد | B32: =AVERAGEIF('بعد تعديل المجاملين - أغسطس 202'!E$3:E$98,A32,'بعد تعديل المجاملين - أغسطس 202'!AF$3:AF$98) -> 7.390625 | C32: 7 | E32: ديمه العامر | F32: 0 | H32: 1
B33: =AVERAGEIF('بعد تعديل المجاملين - أغسطس 202'!E$3:E$98,A33,'بعد تعديل المجاملين - أغسطس 202'!AF$3:AF$98) -> #DIV/0! | C33: 1
E36: فريق الإنتاج والتسويق | J36: المنظومة كاملة
F38: من الأعلى للأقل⬇ | K38: من الأعلى للأقل⬇ | O38: من الأعلى للأقل⬇
E39: إسم المدير | F39: متوسط التقييم (بعد تعديل المجاملين) | G39: المجاملين | H39: عدد المُقيمين | J39: الأسئلة | K39: متوسط التقييم | M39: المستائين طبيعي إما يستقيلوا أو ينفصلوا أو يتغير دورهم/مديرهم أو خطة تطوير
E40: ميسم المنيع | F40: 8.5 | G40: 1 | H40: 7 | J40: مُديري يقدم يد العون والمشورة في العمل متى ما طلبت منه. | K40: 9.1609195 | M40: الموظف | N40: المدير | O40: التقييم
E41: أنس الأهدل | F41: 8.2291667 | G41: 1 | H41: 6 | J41: مُديري يُمكّن ويحفّز استقلاليتي، وأشعر بثقته العالية بالفريق. | K41: 8.6321839 | M41: عبدالله مقيبل | N41: محمد هاني | O41: 7.1875
E42: مشاري الحمود | F42: 8.140625 | G42: 1 | H42: 8 | J42: مُديري يشجع ويدعم التفكير الإبداعي والأفكار المختلفة. | K42: 8.6117647 | M42: نواف قوارش | N42: إبراهيم القرعاوي | O42: 5.6875
E43: جميل عبدالأحد | F43: 8 | H43: 3 | J43: مُديري يشجع ويسهل التعاون داخل الفريق. | K43: 8.5632184 | M43: وديان بحه | N43: إبراهيم القرعاوي | O43: 5.6875
E44: محمد هاني | F44: 7.71875 | H44: 4 | J44: مُديري يتخذ قرارات صائبة تصب في مصلحة العمل والفريق. | K44: 8.5172414 | M44: معاذ الحربي | N44: أسيل باعبدالله | O44: 4.625
E45: معاذ الحربي | F45: 7.4375 | H45: 3 | J45: مُديري يحسن في تفويض المهام ومشاركتنا المسؤوليات. | K45: 8.4767442 | M45: عبدالمجيد العطاس | N45: وهاب محمد | O45: 2.9375
E46: وهاب محمد | F46: 7.390625 | H46: 4 | J46: مُديري لديه وعي ذاتي وذكاء عاطفي ويتفهم مشاعر الفريق. | K46: 8.4352941
E47: إبراهيم القرعاوي | F47: 6.9375 | G47: 1 | H47: 7 | J47: مُديري فعّال في توصيل المعلومة والأفكار وإيضاح المهام. | K47: 8.2528736
E48: إيمان أسعد | F48: 0 | H48: 1 | I48: لا يوجد تقييمات كافية | J48: مُديري يعمل على تعزيز بيئة مشجعة وإيجابية تحت قيادته. | K48: 8.2528736
E49: محمد الحسن | F49: 0 | G49: 1 | H49: 1 | J49: مُديري يساهم في رفع الأداء والإنتاجية لدى الفريق. | K49: 8.0348837
E50: ديمه العامر | F50: 0 | H50: 1 | J50: مُديري يُشرك الفريق ويشاورهم عند اتخاذ القرارات. | K50: 8.0229885
J51: مُديري يبني ويضع أهداف طموحة وواقعية للقسم والفريق. | K51: 8.0114943
J52: مُديري يحدد الأولويات، ويعيد ترتيب موارد الفريق بانتظام. | K52: 7.9885057
J53: مُديري يؤثر في معنويات الفريق ويحفزني باستمرار. | K53: 7.9655172
J54: مُديري يشاركني مرئيات بناءة تساعدني على التطور. | K54: 7.3908046
J55: مُديري يستثمر وقتاً وجهدًا لتطويري مهنيًا وعمليًا. | K55: 6.7647059
J57: طريقة العمل | K57: 8.66
J58: قيادة الفريق | K58: 8.2011494
J59: الوضوح والأولويات | K59: 8.17
J60: الدعم والتطور | K60: 7.74

Sheet بعد تعديل المجاملين - أغسطس 202
A1: Submission ID | B1: Respondent ID | C1: Submitted at | D1: أنا | E1: أود تقييم | F1: مُديري فعّال في توصيل المعلومة والأفكار وإيضاح المهام. | G1: مُديري يحدد الأولويات، ويعيد ترتيب موارد الفريق بانتظام. | H1: مُديري يتخذ قرارات صائبة تصب في مصلحة العمل والفريق. | I1: مُديري يبني ويضع أهداف طموحة وواقعية للقسم والفريق. | J1: هل لديك مرئيات لتطور مديرك حول «الوضوح والأولويات»؟ | K1: مُديري يُمكّن ويحفّز استقلاليتي، وأشعر بثقته العالية بالفريق. | L1: مُديري يحسن في تفويض المهام ومشاركتنا المسؤوليات. | M1: مُديري يقدم يد العون والمشورة في العمل متى ما طلبت منه. | N1: مُديري لديه وعي ذاتي وذكاء عاطفي ويتفهم مشاعر الفريق. | O1: هل لديك مرئيات لتطور مديرك حول «طريقة العمل»؟ | P1: مُديري يؤثر في معنويات الفريق ويحفزني باستمرار. | Q1: مُديري يشجع ويسهل التعاون داخل الفريق. | R1: مُديري يعمل على تعزيز بيئة مشجعة وإيجابية تحت قيادته. | S1: مُديري يُشرك الفريق ويشاورهم عند اتخاذ القرارات. | T1: هل لديك مرئيات لتطور مديرك حول «قيادة الفريق»؟ | U1: مُديري يستثمر وقتاً وجهدًا لتطويري مهنيًا وعمليًا. | V1: مُديري يشاركني مرئيات بناءة تساعدني على التطور. | W1: مُديري يساهم في رفع الأداء والإنتاجية لدى الفريق. | X1: مُديري يشجع ويدعم التفكير الإبداعي والأفكار المختلفة. | Y1: هل لديك مرئيات لتطور مديرك حول «الدعم والتطوير»؟ | Z1: أي شيء آخر تودّ مشاركته مع مديرك؟ | AA1: أي شيء آخر تودّ مشاركته مع الموارد البشرية فيما يخص مديرك؟ | AB1: Untitled checkboxes field | AC1: Untitled checkboxes field (بمجرد الإرسال، سيتم اعتماد تقييمك حول مديرك. هل أنت متأكد؟) | AF1: متوسط التقييم
A2: 65X08O | B2: 4PNg6B | C2: 45540.126 | D2: أنس سفيان | E2: محمد بازيد | F2: 7 | G2: 6 | H2: 6 | I2: 4 | J2: أعتقد أن العمل يطلب بعضًا من الصرامة تجاه ما تم تحديده كأولوية، والاستمرار في مراجعة الأولويات بشكل مستمر قد يهز مدى أهمية وواقعية الهدف الأساسي. | K2: 8 | L2: 4 | M2: 6 | N2: 9 | O2: أعتقد أن عدم وضوح الطريق أدى إلى ضبابية طريقة العمل وكان من الممكن أن يساهم في تطويرها التركيز على رسم الطريق بشكل كامل كخطوة أولى ومن ثم تطوير آليات العمل المناسبة. | P2: 6 | Q2: 7 | R2: 6 | S2: 5 | T2: التواجد بشكل أكبر يساهم في تعزيز خلق بيئة مشجعة وتطوير آلية مشتركة لاتخاذ القرار. | U2: 4 | V2: 7 | W2: 4 | X2: 10 | Y2: .. | AB2: بمجرد الإرسال، سيتم اعتماد تقييمك حول مديرك. هل أنت متأكد؟ | AC2: TRUE | AF2: =AVERAGE(U2:X2,P2:S2,K2:N2,F2:I2) -> 6.1875
A3: 4qEQXO | B3: EBZRDX | C3: 45519.657 | D3: أنس الأهدل | E3: أسيل باعبدالله - فريق التسويق | F3: 9 | G3: 10 | H3: 6 | I3: 6 | J3: المتطلبات والأولويات غالبًا واضحة. | K3: 7 | L3: 9 | M3: 10 | N3: 10 | O3: مؤخرًا ألاحظ تدخلاتك في المهام التشغيلية قلّت كثير، صرت تعطي المدراء تحتك مساحة كبيرة، وهذا مؤشر جيد. | P3: 10 | Q3: 10 | R3: 10 | S3: 10 | T3: مديرة إدارة المعنويات 10/10 | U3: 2 | V3: 7 | W3: 8 | X3: 10 | Y3: لا | AB3: بمجرد الإرسال، سيتم اعتماد تقييمك حول مديرك. هل أنت متأكد؟ | AC3: TRUE | AF3: =AVERAGE(U3:X3,P3:S3,K3:N3,F3:I3) -> 8.375
A4: kpg991 | B4: RZbAKp | C4: 45519.665 | D4: وهاب محمد | E4: أسيل باعبدالله - فريق الإنتاج | F4: 7 | G4: 6 | H4: 9 | I4: 5 | J4: أعتقد أنه يمكن تحسين ترتيب الأولويات بمرونة أكبر، كما أن تحديد أهداف أكثر طموحًا وواقعية سيحفزنا جميعًا لتحقيق المزيد. | K4: 10 | L4: 10 | M4: 10 | N4: 7 | O4: أقدّر جدًا دعمك لاستقلاليتي وثقتك بي. وأرى أن هناك مجالًا لتعزيز الوعي الذاتي، سيساعد في فهم مشاعر الفريق بشكل أعمق ويسهم في تحسين التواصل والتفاعل بشكل أكبر. | P4: 10 | Q4: 9 | R4: 9 | S4: 5 | T4: أشكرك على دعمك الدائم لنا وتحفيزك المستمر، فعلاً معنوياتنا تترفع. لكن بصراحة، أحيانًا أشعر أننا لسنا فريق واحد وبحاجة للمزيد من المشاركة في القرارات التي تؤثر على الإنتاج. أعتقد أن إشراكنا أكثر في صنع القرار يمكن أن يزيد من شعورنا بالانتماء. | U4: 7 | V4: 9 | W4: 10 | X4: 9 | Y4: استفيد من ملاحظاتك البناءة اللي تساعدني على التطور. | Z4: أقدر دعمك الدائم وتأثيرك الإيجابي علي وعلى الفريق. اعتقد ان في اتخاذ القرارات وتخصيص وقت أكبر لتطويرنا يمكن أن تكون نقطة تحول ايجابية. شكرًا لجهودك | AA4: مديرتي تدعمني بشكل ممتاز وتخلق بيئة عمل رائعة. رغم أن هناك بعض المجالات للتحسين، مثل إشراك الفريق في القرارات والتحسين التواصل بين الفريق، إلا أن قيادتها تظل فعالة ومفيدة. | AB4: بمجرد الإرسال، سيتم اعتماد تقييمك حول مديرك. هل أنت متأكد؟ | AC4: TRUE | AF4: =AVERAGE(U4:X4,P4:S4,K4:N4,F4:I4) -> 8.25
A5: pM5VoJ | B5: OjbpoR | C5: 45519.73 | D5: فؤاد الهتلان | E5: أسيل باعبدالله - فريق الإنتاج | F5: 8 | G5: 6 | H5: 7 | I5: 7 | J5: وجود أهداف ومرئيات واضحة للمدى البعيد بحيث تساعد الموظف انه يحاول يطور نفسه فيها. | K5: 9 | L5: 8 | M5: 7 | N5: 10 | O5: اعتقد وجود الجلسات الدورية تساهم في معرفة تقارب الأفكار بين الموظف والمدير وتساهم في تقليل المرئيات المكررة لكن في نفس الوقت كنت أشعر في ثقة عالية للشي اللي أقدمه | P5: 9 | Q5: 8 | R5: 9 | S5: 6 | T5: الفترة كانت انتقالية وتغييرات بالهيكل بشكل كبير ويصعب الحكم على قيادة الفريق لكن لم يوجد وضوح في كيف كيف التعاون بين زملائي | U5: 7 | V5: 8 | W5: 10 | X5: 8 | Y5: أشعر كان في دعم عالي لكن في نفس الوقت أجد صعوبة في وين ممكن أطور نفسي فيه | AB5: بمجرد الإرسال، سيتم اعتماد تقييمك حول مديرك. هل أنت متأكد؟ | AC5: TRUE | AF5: =AVERAGE(U5:X5,P5:S5,K5:N5,F5:I5) -> 7.9375
A6: 4qE05d | B6: YoxdRJ | C6: 45519.91 | D6: إيمان أسعد | E6: أسيل باعبدالله - فريق الإنتاج | F6: 6 | G6: 6 | H6: 9 | I6: 7 | J6: شخصيًّا أقدر انشغال أسيل وصعوبة التواصل في اجتماعات دورية، وأيضًا أنا أتحمل جزء من هذه المسؤولية، بس أحيانًا أجد أنَّ الفكرة مختلفة نوعًا ما عما كنت أظنه. | K6: 10 | L6: 8 | M6: 9 | N6: 9 | O6: أقدّر منحي الاستقلالية لكن أحيانًا أحتاج إلى توجيه واضح، واستصعب التواصل مع أسيل لمعرفتي بانشغالها في كل مشاريع ثمانية. | P6: 9 | Q6: 9 | R6: 8 | S6: 6 | T6: أحيانًا أجد أنًّ قرارات اتخذت بدون التواصل معي أولًا، وأدرك إنَّ القرارات فعلًا في مصلحة العمل لكن إقصائي من النقاش الأولي يعلني غير مدركة أنَّ ثمة مشكلة، وأيضًا أتحمّل هنا مسؤولية التواصل. | U6: 6 | V6: 6 | W6: 8 | X6: 10 | Y6: أيضًا مشكلة التواصل، النقاش محدود للغاية بيني وبين أسيل بشكل عام، جزء منه يعود إلى طبيعة العمل في بيسكامب على خلاف التواجد في المكتب، وأظن أيضًا أنني عطيت انطباع أني لا أحبذ الاجتماعات وأفضّل الكلام في البيسكامب، وأيضًا أعطي انطباع أني حسّاسة للانتقاد. فصار عندنا نوع من الفجوة. | Z6: بشكل عام، ومن غير مبالغة أو محاباة، وجود أسيل كمديرة شيء رائع ومصدر إلهام وأتعلَّم منها الكثير، وأحاول أتمتع ببصيرتها الإبداعية وقدرتها على حل المشاكل. لكن احنا معك ونلبي نداء الواجب وأكثر .. ازهلي 😁😁 | AA6: كل شي تمام، ويعطيكم ألف عافية. ❤️ | AB6: بمجرد الإرسال، سيتم اعتماد تقييمك حول مديرك. هل أنت متأكد؟ | AC6: TRUE | AF6: =AVERAGE(U6:X6,P6:S6,K6:N6,F6:I6) -> 7.875
A7: YggExW | B7: p0vbJB | C7: 45520.467 | D7: ميسم المنيع | E7: أسيل باعبدالله - فريق الإنتاج | F7: 8 | G7: 8 | H7: 7 | I7: 7 | J7: لا | K7: 9 | L7: 8 | M7: 9 | N7: 10 | O7: لا | P7: 8 | Q7: 8 | R7: 6 | S7: 6 | T7: لا | U7: 8 | V7: 6 | W7: 8 | X7: 9 | Y7: لا | AB7: بمجرد الإرسال، سيتم اعتماد تقييمك حول مديرك. هل أنت متأكد؟ | AC7: TRUE | AF7: =AVERAGE(U7:X7,P7:S7,K7:N7,F7:I7) -> 7.8125
A8: pM1aZy | B8: WeqArJ | C8: 45521.326 | D8: مرام المنيع | E8: أسيل باعبدالله - فريق الإنتاج | F8: 7 | G8: 7 | H8: 7 | I8: 7 | J8: كان فيني أضيف مرئيات ولكن لأنا دومًا نعمل لمصلحة العمل وهي المصلحة المقدّمة على كل شيء فأنا أفهم جدًا قرارات المدير .. إن كُنّا نبدأ بمنتجات متفرّدة وجديدة قبل وجود عميل من عدمه أو حتى قبل تكوين فريق وإضافة أشخاص جدد للمشروع ... لذا هذا ما يتطلبه العمل الانطلاقة تبدأ بين أيدي وحوش الإنتاج ثم يتم تعيين وتحديد فريق لاحقًا. لذا شكرًا لأنك أنتِ أنتِ. | K8: 7 | L8: 7 | M8: 7 | N8: 9 | O8: كمّلي واحنا وراك .... 🌟 | P8: 10 | Q8: 8 | R8: 9 | S8: 7 | T8: ليه السؤال إلزامي 😅 .. لا مافي إلا كل خير 💫🫀 | U8: 7 | V8: 7 | W8: 7 | X8: 10 | Y8: نفس التعليق السابق 🌚 بالمجمل يعجبني فيك أنو تستثمرين مهارات الفريق بشكل جيّد بمعني أي شخص لديه مهارات جانبية لا علاقة لها بعمله تمنحينه الفرصة حتى يشتغل عليها ويشوف نتيجتها وتؤمني من داخلك بإنجازه وإبداعه، وهذة خصلة عظيمة. | AA8: مافيش زيها ...... حقيقي ✨❤️‍🔥 | AB8: بمجرد الإرسال، سيتم اعتماد تقييمك حول مديرك. هل أنت متأكد؟ | AC8: TRUE | AF8: =AVERAGE(U8:X8,P8:S8,K8:N8,F8:I8) -> 7.6875
A9: BgVM9R | B9: A691az | C9: 45521.813 | D9: عبدالقدوس الحاج حسين | E9: أسيل باعبدالله - فريق الإنتاج | F9: 5 | G9: 6 | H9: 7 | I9: 7 | J9: فيه كثير ضبابية في الفريق. مافي خطة واضحة للقسم أو الفريق. ما نعرف أيش رح يصير بعد أسبوعين، أو الخط الزمني. وفجأة يطلع القرار بدون مشاورة مننا كمدراء. فيه مشاريع تنحط لها خط زمني شهر، لكن ممكن تنعمل بيومين. وفيه مشاريع العكس. نحتاج نحدد جدول واضح للسنة، وأكيد عادي نغير ونضيف ونحذف، لكن على الأقل أساس. وأي فكرة لمشروع جديد، لا يتم اطلاقه في النصف الثاني من السنة، بل يروح للسنة اللي بعدها. | K9: 8 | L9: 7 | M9: 7 | N9: 10 | O9: أحب أنك مهتمة جدًا في الفريق، وتعطينا أكثر من فرصة. لكن نحتاجك معنا أكثر. يمكن آخر سنة جلست معك عدة مرات فقط، خطأ. أعطي وقت أكثر لمدراء الانتاج، وأعطينا الثقة، وشاورينا، نحن هنا لأجلك ولمساعدتك. | P9: 10 | Q9: 8 | R9: 8 | S9: 5 | T9: أفضل مديرة في العالم في تحفيز الفريق، لكن ما يوصلنا هذا التحفيز دائمًا. كلمة منك تودينا للسما، أو تحمسنا لسنة قدام. لكن نحتاج نسمع منك. ما تعرفي قديش أثرك يأثر على جميع فريق الإنتاج. خذي مشورتنا ورأينا، وعادي قولي لأ الفكرة سيئة. لكن لا تقولي "بشوف" ولا "صح معك حق" وأنت بالأصل مقررة لا. عادي كوني صريحة معنا. | U9: 6 | V9: 6 | W9: 9 | X9: 10 | Y9: ما سمعت منك مرئيات بالسنة غير مرتين يمكن. أحتاج أعرف لو توجهي صح أو غلط. ما أعرف. أحيانًا لو بس توجه بسيط منك يعطيني هدف السنة كامل ايش بشتغل عليه، لكن احتاجك معنا أكثر. | Z9: أنتي رهيييييييبة، واقعيًا لا نستغني عنك وما أُفضل أي مدير عليك. لكن شاركتك مرئياتي هنا بصراحة حتى تستفيدي منها وتطوري وتساعدينا في التطور. أسيل الملكة 👸🏻 | AB9: بمجرد الإرسال، سيتم اعتماد تقييمك حول مديرك. هل أنت متأكد؟ | AC9: TRUE | AF9: =AVERAGE(U9:X9,P9:S9,K9:N9,F9:I9) -> 7.4375
A10: 2Zz2bA | B10: eNooDE | C10: 45522.416 | D10: جميل عبدالأحد | E10: أسيل باعبدالله - فريق الإنتاج | F10: 8 | G10: 7 | H10: 6 | I10: 8 | J10: رائع جداً طموحك الكبير، لكن قبل وضع المستهدفات قد يكون أفضل مناقشتها مع الفريق التنفيذي لتخطيطها ووضع مستهدفات واقعية أكثر. | K10: 7 | L10: 8 | M10: 7 | N10: 4 | O10: لا شيء | P10: 6 | Q10: 8 | R10: 7 | S10: 6 | T10: أنت قدوة الفريق، الكلمة الطيبة وتشجيعك لهم له أثر مضاعف أكثر من أي شخص اخر. | U10: 4 | V10: 4 | W10: 7 | X10: 10 | Y10: من أفضل ميزات ثمانية هي دعم موظفينها في التطوير الذاتي مهما كان مجاله. لكن من الصحي أيضاً مراجعة نقاط الضعف والقوة لدى فريقك، فقد ترين شيئاً مهم لا يراه ذلك الموظف في نفسه وقد يكون قادراً على تطويره. | Z10: أنتي من أكثر الأشخاص الإبداعيين الذي عرفتهم وهذا أحد أسباب رغبتي أساساً في الإنضمام لثمانية. يعجبني فيك قوة ملاحظتك وإصرارك على فعل ما ينتج محتوى يليق بمستوى ثمانية مهما كانت القرارت صعبة أحياناً. وثقي تماما أن الفريق في صفك وهدفنا واحد دائماً مهما اختلفت الاراء للوصول لهذا الهدف. إذا كان عندك أي شكوك أو تحفظات تجاه أحد، أجلسي معهم وتكلموا، أنا متأكد أن كثير من المشاكل مجرد سوء تفاهم بسيط وحلها أبسط. | AA10: يعطيكم العافية، بس كأن التقييمات كثرت؟ | AB10: بمجرد الإرسال، سيتم اعتماد تقييمك حول مديرك. هل أنت متأكد؟ | AC10: TRUE | AF10: =AVERAGE(U10:X10,P10:S10,K10:N10,F10:I10) -> 6.6875
A11: NgvzKb | B11: b2AAYL | C11: 45522.423 | D11: إبراهيم القرعاوي | E11: أسيل باعبدالله - فريق التسويق | F11: 8 | G11: 8 | H11: 6 | I11: 6 | J11: كل شي أولوية طوال الوقت، وهذا مشتت. خصوصًا أن الموارد ليست كافية دائمًا. وأحيانًا يعتمد المستهدف رغم اعتراضنا عليه لعدم واقعيته. ثم نحاسب على عدم تحقيقه. | K11: 4 | L11: 7 | M11: 10 | N11: 8 | O11: أسطورة في التفويض. لكن لو دخلت في مهمة فالرأي رأيها ولا مجال للنقاش | P11: 5 | Q11: 5 | R11: 5 | S11: 8 | T11: أحس الأولوية دائمًا للإنجاز، ولو كان على حساب الفريق ووقتهم ومعنوياتهم. وهذا أشوفه خطأ. وعندها القدرة على تسخير كل موارد الفريق لهدف محدد، وهذا وإن حقق الهدف يؤثر على كل شيء آخر | U11: 1 | V11: 5 | W11: 6 | X11: 5 | Y11: ما أشوف فيه تطوير أو حرص على ذلك وهذا رأيي الشخصي. الأولوية للمهام اليومية وإنجاز العمل فقط. | Z11: ودي أن التوقعات تقاس على ثمانية ساعات - خمسة أيام في الأسبوع. وليس على 16 ساعة طوال الأسبوع. لأني أحس أن هذا الحاصل. وهذا يشكل ضغط نفسي كبير. | AB11: بمجرد الإرسال، سيتم اعتماد تقييمك حول مديرك. هل أنت متأكد؟ | AC11: TRUE | AF11: =AVERAGE(U11:X11,P11:S11,K11:N11,F11:I11) -> 6.0625
A12: 2ZYakD | B12: OjVKq7 | C12: 45522.521 | D12: معاذ الحربي | E12: أسيل باعبدالله - فريق التسويق | F12: 6 | G12: 6 | H12: 4 | I12: 6 | J12: أكتفي بالتقييم بالأرقام. | K12: 2 | L12: 6 | M12: 6 | N12: 4 | O12: أكتفي بالتقييم بالأرقام. | P12: 6 | Q12: 6 | R12: 6 | S12: 4 | T12: أكتفي بالتقييم بالأرقام. | U12: 3 | V12: 2 | W12: 3 | X12: 4 | Y12: أكتفي بالتقييم بالأرقام. | AB12: بمجرد الإرسال، سيتم اعتماد تقييمك حول مديرك. هل أنت متأكد؟ | AC12: TRUE | AF12: =AVERAGE(U12:X12,P12:S12,K12:N12,F12:I12) -> 4.625
A13: opZ24M | B13: OjVqk8 | C13: 45522.546 | D13: عبدالرحمن الصوفي | E13: أصيل بافرط | F13: 8 | G13: 8 | H13: 8 | I13: 8 | J13: جيد في التواصل معي بشكل دائم وتحديث الاولويات | K13: 9 | L13: 8 | M13: 8 | N13: 8 | O13: استمر على ما انت عليه | P13: 8 | Q13: 8 | R13: 7 | S13: 8 | T13: كان قائد محترف | U13: 6 | V13: 8 | W13: 8 | X13: 8 | Y13: لا يوجد | AB13: بمجرد الإرسال، سيتم اعتماد تقييمك حول مديرك. هل أنت متأكد؟ | AC13: TRUE | AF13: =AVERAGE(U13:X13,P13:S13,K13:N13,F13:I13) -> 7.875
A14: PgNO11 | B14: RZregp | C14: 45522.548 | D14: نورة السبيعي | E14: أنس الأهدل | F14: 9 | G14: 9 | H14: 9 | I14: 9 | J14: يكون أكثر وضوحًا. أحيانًا ما أفهمك ولا أدري متى تبغى تتدخل ومتى لا، وأخاف أزعجك فأحس ودي تكون أكثر وضوح. فيه جانب بعد يعتمد علي، وهو أني ما أسأل، ولعل هذي مشكلة مني خخ. | K14: 9 | L14: 9 | M14: 9 | N14: 9 | O14: الصدق من هالناحية، رائع جدًا. الاستقلالية اللي أشعر فيه والمسؤولية اللي استشعرها تعطيني الكثير من الشعور الجيد. حتى في نقاشات المهام ما عمرك حسستني أنك مدير، بالعكس تخلي القرار عندي. وإذا رجعت لك دائمًا مرحب وما قد حسستني بأن هذي شغلتك سويها بدون الرجوع لي. | P14: 9 | Q14: 8 | R14: 9 | S14: 9 | T14: لا. | U14: 9 | V14: 8 | W14: 9 | X14: 9 | Y14: توصياتك حلوة، شاركنا كورسات وكتب أو أي شيء يفيدك، دائمًا تكون ذات قيمة. | Z14: دائمًا أقول أني محظوظة بهذا المدير، إنسان قبل كل شيء. يمكّن الفريق، يساعدهم إذا احتاجو، معطيهم مسؤوليات كبيرة بدون الرجوع له، ما يتفلت عليهم مهما كان الموقف خخ، مراعي جدًا، داعم. وودّي متى ما كان عندك ملاحظات أو أي شيء يحتاج تطوير أو حل مشكلة حتى لو شيء بسيط تشاركنا. وممتنين لك صدقًا أنس. | AB14: بمجرد الإرسال، سيتم اعتماد تقييمك حول مديرك. هل أنت متأكد؟ | AC14: TRUE | AF14: =AVERAGE(U14:X14,P14:S14,K14:N14,F14:I14) -> 8.875
A15: rpQPdM | B15: r0q9Zo | C15: 45522.55 | D15: شهد صلاح | E15: أنس الأهدل | F15: 8 | G15: 10 | H15: 10 | I15: 10 | J15: اخترت 8 في نقطة توصيل المعلومة وأنا ودي أتراجّع، لأنه يستاهل الـ 10 دائمًا. بس أحيانًّا أعتقد ودي يكون فيه -إسراف- في شرح الفكرة اللي محتاج تطبيقها، لأن المخرجات تكون عكس المطلوب بسبب هذه النقطة. | K15: 10 | L15: 10 | M15: 10 | N15: 10 | O15: إذا ما عندي مرئيات، أعطوني مساحة للمدح لا هنتوا. مئة بالمئة، محد وصّل الفريق إلى هذا القدر العالي من المسؤولية في إتقان والإحسان بالمهام إلّا القائد اللي خلف الكواليس، وممتنة جدًّا لأني كنت منهم. أفضل ما يفعله أنس، يحفّز استقلاليتك، يعطيك مساحتك، يشاركك مسؤوليات جديدة أو يرميك في البحر. 😁 وبالأخير ما تغرق، لأنه أعطاك ثقة عالية وأنت بتقدم أفضل وأكثر ما عندك عشان تكون قدها. | P15: 9 | Q15: 8 | R15: 9 | S15: 9 | T15: الفريق عنده الرغبة دائمًّا بأنه يتعاون ونتقاطع مع بعض، لأن أتوقع احنا من قلّة الفرق اللي تحقق هذا الشيء وممكن بسبب طبيعة عملنا. فكل واحد عنده مسؤولية في زاوية بعيد عن الثاني، وقليل جدًّا تقاطعاتنا وتعاوننا لبعض. مو شيء سلبي أكيد، لأن يمكن كلنا كفو بعيد عن بعض. بس إلّا وتجي رغبة أنك تدور حول فريق ما تسبح لحالك، فما أعرف كيف يتم هذا الشيء. *بالمناسبة إذا هو بمحله أو لا، بس قرار حكيم لأن ما عندنا ليدر علينا، أشوفه يأثر بالتواصل بين الفريق. | U15: 9 | V15: 6 | W15: 9 | X15: 9 | Y15: ممكن أحيانًّا ما يتطلب يشاركنا مرئياته أول بأول، لأننا نكون ماشيين بالطريقة الصحيحة. ولكن متأكدة فيه طريقة أصح، نقدر نمشي عليها ونتطور من خلالها.. فهذا اللي نحتاجه، أو من طرفي على الأقل. متأكدة أني بمكان جيد، ولكن المرئيات تساعدني عشان أوصل للي بعد الجيد واللي أطمح له دايم أكيد. فأتمنى يكون هذا الشيء مفتوح بيننا، عشان أعرف وين أشد حيلي أكثر. | AA15: أنس الأهدل أفضل مدير صحي، كفو، طبيعي، صحيح، منطقي تقدرون تأمنونه على فريق وعيونكم مقفلة. | AB15: بمجرد الإرسال، سيتم اعتماد تقييمك حول مديرك. هل أنت متأكد؟ | AC15: TRUE | AF15: =AVERAGE(U15:X15,P15:S15,K15:N15,F15:I15) -> 9.125
A16: opZGpN | B16: b2ARBL | C16: 45522.552 | D16: رفقة الهليس | E16: أنس الأهدل | F16: 8 | G16: 7 | H16: 9 | I16: 7 | J16: زيادة التواصل الفعال من الطرفين | K16: 8 | L16: 10 | M16: 10 | N16: 8 | O16: متابعة المهام بشكل أكبر | P16: 10 | Q16: 8 | R16: 8 | S16: 10 | T16: ممكن نقطة تعزيز الثقة فيما يخص المهام بعينها وليس بالعموم، بس عمومًا نقطة تعزيز الثقة بشكل عام أعطيها 10/10 | U16: 6 | V16: 6 | W16: 8 | X16: 8 | Y16: ممكن الاستثمار بشكل أكبر بإعطاء مرئيات مفصلة | Z16: مديرنا رهيب بس شخصيًا أشعر أنه مرات أحتاج أسمع مرئيات مفصلة حول تطور سير العمل في مهام معينة من مديري شخصيًا | AA16: مديري رهيب ومحفز وبظني لو في نقطة بشكل عام نحتاج نركز عليها هي التواصل من الطرفين | AB16: بمجرد الإرسال، سيتم اعتماد تقييمك حول مديرك. هل أنت متأكد؟ | AC16: TRUE | AF16: =AVERAGE(U16:X16,P16:S16,K16:N16,F16:I16) -> 8.1875
A17: vpayyg | B17: ajlpD2 | C17: 45522.558 | D17: نوره الرشيد | E17: أنس الأهدل | F17: 7 | G17: 6 | H17: 10 | I17: 8 | J17: كلّش تمام وأحس واضحة الأولويات أغلب الوقت. لكن نحتاج تأكيد على الأولويات بين فترة وفترة، وممكن لو لاحظ أنه فيه مجهود قاعدين نصبه في غير محلّه يعطينا خبر أسرع. | K17: 10 | L17: 10 | M17: 10 | N17: 10 | O17: مريح بالتعامل وطريقة العمل معه مثالية، وما ببالي أي مرئيات للتطوير. | P17: 5 | Q17: 5 | R17: 5 | S17: 5 | T17: أحيانًا أشعر إننا مو مندمجين كفريق واحد من ناحية العمل. لو كان عندنا اجتماع شهري/ربعي، ممكن يساعدنا ندخل في جو واحد ويوضح لنا الأهداف العامة للفريق، وأهداف كل فرد بشكل خاص. مو شرط يكون مفصّل، أفهم الامتناع عن هذي الاجتماعات لأن ممكن ينظر إليها كضياع للوقت أو تشتيت للفريق، لكن ودي نجرب ونشوف أثرها على حماس الفريق. | U17: 7 | V17: 7 | W17: 9 | X17: 10 | Y17: تطوير الفريق ككل ورفع الإنتاجية أستشف أنه هاجس دائم عنده، لكن لما يجي على المستوى الشخصي ودّي لو لاحظ جوانب تحتاج تطوير يقترح حلول، مثال: لو أخذت هذا الكورس ممكن يدعم الفريق في مشروع معين أو يحسن من فهمك لحاجة معينه أو مخرجاتك تكون أكثر فائدة. | AA17: ما أعرف، بس العمل تحت قيادة أنس بشكل عام يحسّن من جودة الحياة. وما قد سمعت تذمّر من قيادته. وشكرًا لكم. | AB17: بمجرد الإرسال، سيتم اعتماد تقييمك حول مديرك. هل أنت متأكد؟ | AC17: TRUE | AF17: =AVERAGE(U17:X17,P17:S17,K17:N17,F17:I17) -> 7.75
A18: QXq5rX | B18: j0E80Q | C18: 45522.558 | D18: سيف الدين | E18: أنس الأهدل | F18: 9 | G18: 8 | H18: 8 | I18: 9 | J18: لا، حاليا | K18: 9 | L18: 8 | M18: 7 | N18: 10 | O18: لستُ أهلا لذلك صراحة | P18: 6 | Q18: 8 | R18: 7 | S18: 5 | T18: لا أملك شيئا، صدقا لديه تحكم رهيب في الفريق وقيادته | U18: 6 | V18: 6 | W18: 8 | X18: 9 | Y18: ليس لدي شيء | AB18: بمجرد الإرسال، سيتم اعتماد تقييمك حول مديرك. هل أنت متأكد؟ | AC18: TRUE | AF18: =AVERAGE(U18:X18,P18:S18,K18:N18,F18:I18) -> 7.6875
A19: dpoxlK | B19: EBao8B | C19: 45522.558 | D19: شذى محمد | E19: أنس الأهدل | F19: 7 | G19: 6 | H19: 9 | I19: 7 | J19: في المهام المباشرة الوضوح موجود وملموس ورائع جدًا. لكن يكون فيه شيء من الضبابية فيما يتعلق بالأهداف المقبلة والمهام على المدى البعيد، أشعر إننا أحيانًا ما نعرف عن بعض الأمور إلا حين حدوثها، مثل حكاية الاشتراكات وموعد تفعيلها، وعدم وضوح كيف ستؤثر على مهامنا ووتيرة عملنا الحالية. | K19: 9 | L19: 7 | M19: 10 | N19: 8 | O19: أحترم جدًا طريقة عملنا في الفريق وأقدر الثقة والاستقلالية الممنوحة لنا منك، وكذلك عدم تردّدك في تقديم المساعدة متى ما طلبناها، ووجودك على الخط مع أي حاجة جديدة -مثل أول تجربة نشر حصري لفنجان في رمضان-، استمر مدير. | P19: 6 | Q19: 10 | R19: 9 | S19: 8 | T19: مبادرتك في تسهيل تعاون الفريق بين بعضه رائعة، لمسنا نتائجها الإيجابية في مشروع الإطلاقات تحديدًا. لكن أحيانًا نشعر إنك مختفي شوي، والتحفيز -صح إننا ما نحتاجه اسم الله علينا ههه- أثره موجود لكن قليل. | U19: 6 | V19: 7 | W19: 7 | X19: 6 | Y19: أخاف شوي من الدخول في فترة ركود فيما يتعلق بالتطوير المهني، وأتمنى صدق تشير لنا أكثر لو فيه مهارات تتخيل إنها تعود بفائدة على عملنا، وتشجعنا نجرب تجارب وتحديات جديدة. | Z19: يجيني شعور -وأظن أغلب الفريق يتفق- إن ودنا تشاركنا اجتماعات الفريق من فترة لفترة حتى نسمعك كذلك. | AA19: لا يوجد. ✨مديرنا رائع✨ | AB19: بمجرد الإرسال، سيتم اعتماد تقييمك حول مديرك. هل أنت متأكد؟ | AC19: TRUE | AF19: =AVERAGE(U19:X19,P19:S19,K19:N19,F19:I19) -> 7.625
A20: Xg7WBg | B20: x068Rv | C20: 45522.559 | D20: لينا الصبيحي | E20: إبراهيم القرعاوي | F20: 8 | G20: 8 | H20: 8 | I20: 8 | J20: لا | K20: 9 | L20: 8 | M20: 9 | N20: 9 | O20: لا | P20: 9 | Q20: 8 | R20: 7 | S20: 9 | T20: لا | U20: 8 | V20: 9 | W20: 7 | X20: 9 | Y20: لا | AA20: والله مب تعزيز بس صدق الحمدلله ربي رزقني مدير رهيب ورائع وساعدني كثير من يوم دخلت ثمانية على التطور الحمدلله | AB20: بمجرد الإرسال، سيتم اعتماد تقييمك حول مديرك. هل أنت متأكد؟ | AC20: TRUE | AF20: =AVERAGE(U20:X20,P20:S20,K20:N20,F20:I20) -> 8.3125
A21: 0lY6gP | B21: OjVx98 | C21: 45522.562 | D21: القاسم البلوشي | E21: إبراهيم القرعاوي | F21: 9 | G21: 8 | H21: 8 | I21: 10 | J21: نحتاج إلى المشاركة واللقاء المستمر في تحديد الأولويات وبناء مستقبل واضح | K21: 10 | L21: 9 | M21: 8 | N21: 10 | O21: الاستقلالية في العمل تحتاج إلى ضبط الجهد | P21: 9 | Q21: 9 | R21: 9 | S21: 7 | T21: نحتاج إلى مشاركة أكثر في اتخاذ القرارات. | U21: 8 | V21: 8 | W21: 9 | X21: 10 | Y21: لا | Z21: وضوح هيكل ومستقبل الفريق | AA21: بارك الله فيكم نحتاج زياده في عدد الموظفين في الفريق لكي يكون العمل أكثر تخصصيه وانتاجيه عالية. | AB21: بمجرد الإرسال، سيتم اعتماد تقييمك حول مديرك. هل أنت متأكد؟ | AC21: TRUE | AF21: =AVERAGE(U21:X21,P21:S21,K21:N21,F21:I21) -> 8.8125
A22: rpQ6EX | B22: l04kBv | C22: 45522.568 | D22: شريف الشاذلي | E22: إبراهيم القرعاوي | F22: 8 | G22: 8 | H22: 8 | I22: 8 | J22: لا شيء أريد اضافته | K22: 10 | L22: 9 | M22: 9 | N22: 8 | O22: لا شيء أريد اضافته | P22: 8 | Q22: 8 | R22: 8 | S22: 6 | T22: لا شيء أريد اضافته | U22: 5 | V22: 7 | W22: 7 | X22: 9 | Y22: لا شيء أريد اضافته | Z22: - نحتاج نكثر من الجلسات الفردية المعتادة لمتابعة تحديثات الفريق، هذه الجلسات تفرق نفسيًا 😂 - نحتاج متدربين لفريق تواصل ثمانية إن أمكن 😂 - شكرًا على مجهودك، شكرًا على ثقتك العمياء وإن شاء الله دائمًا أكون قدها ❤️ | AA22: يارب يبارك فيكم وفيه ❤️ | AB22: بمجرد الإرسال، سيتم اعتماد تقييمك حول مديرك. هل أنت متأكد؟ | AC22: TRUE | AF22: =AVERAGE(U22:X22,P22:S22,K22:N22,F22:I22) -> 7.875
A23: yGb60X | B23: LEoLKv | C23: 45522.569 | D23: مخلف آل زيدان | E23: إبراهيم القرعاوي | F23: 6 | G23: 5 | H23: 10 | I23: 10 | J23: أشعر إنه نحتاج كفريق من فترة إلى فترة تحديد الأولويات لما هو قادم، وعدم الاعتماد على الفرق الأخرى لأخذ أي معلومات عن أي تطورات أو مشاريع جديدة لها أولوية. | K23: 8 | L23: 10 | M23: 8 | N23: 5 | O23: يتفهم مشاعر الفريق أكثر شوي، والضغط الحاصل من الإنتاج علينا. | P23: 3 | Q23: 6 | R23: 3 | S23: 7 | T23: كل الفرق الأخرى بقياداتهم يعززون لبعض، ويمدحون بعض، ويقولون كفو لبعض، إلا فريقنا، وبنظرة بسيطة على قائمة الـ"كفو" تشوف إننا أقل فريق من بين الفرق مجتمعة. هل هذا يعني إننا مو كفو؟ لا أبدًا، ولكن الدعم والامتنان ولو على الجهد المبذول حاليًا يفرق كثير بمعنوياتنا ويعطينا حافز كبير للأهداف القادمة. | U23: 5 | V23: 5 | W23: 5 | X23: 7 | Y23: أتفهم الانشغال والمسؤوليات، ولكن الانتظار إلى وقت التقييم لإبداء المرئيات شيء غير صحي. لاحظت شيء غلط أو اقتراح لتحسين شيء؟ شاركني مباشرة. الانغماس بمنصات التواصل طبيعة عملنا، ومن أعراضه إننا ما نلاحظ بعض الأشياء اللي قد تكون لو نُفذت بشكل صحيح لكانت أفضل. وصدقني أبدًا ما راح ننزعج، لأننا بحاجة للمرئيات. | Z23: أرجو إنك تتقبل مرئياتي بصدر رحب. كل الحب أبو هيا 🫶 | AA23: شكرًا لهذا التقييم، والله ينفع به. | AB23: بمجرد الإرسال، سيتم اعتماد تقييمك حول مديرك. هل أنت متأكد؟ | AC23: TRUE | AF23: =AVERAGE(U23:X23,P23:S23,K23:N23,F23:I23) -> 6.4375
A24: gpV5oN | B24: 96rK9E | C24: 45522.583 | D24: محمد جعفر | E24: إبراهيم القرعاوي | F24: 4 | G24: 4 | H24: 6 | I24: 7 | J24: «التواصل» في قسم التواصل مهم جدًا. | K24: 9 | L24: 7 | M24: 4 | N24: 5 | O24: التفويض شرّ لا بُد منّه، ثق أكثر، وشاركنا الصورة الكبرى عشان نعرف الهدف من مهامنا الصغيرة. | P24: 6 | Q24: 8 | R24: 9 | S24: 6 | T24: لا مرئيات هنا. الفريق ومديره فلّة. 🤪 | U24: 3 | V24: 2 | W24: 4 | X24: 8 | Y24: خطط العمل مب واضحة في قسمي الداخليّ، وفي عشوائية فالمهام بعض الأحيان. | Z24: شاركنا حكمتك أكثر، وتواصل معنا بشكل أفضل. 🥲 | AA24: للأمانة، تراه تحسّن في الفترة الأخيرة. 👏🏼 | AB24: بمجرد الإرسال، سيتم اعتماد تقييمك حول مديرك. هل أنت متأكد؟ | AC24: TRUE | AF24: =AVERAGE(U24:X24,P24:S24,K24:N24,F24:I24) -> 5.75
A25: 2ZYakD | B25: OjVKq7 | C25: 45522.521 | D25: نواف قوارش | E25: إبراهيم القرعاوي | F25: 5 | G25: 4 | H25: 8 | I25: 9 | J25: أشعر أنه توجد فرصة لتوضيح (inputs) المهمات بطريقة افضل | K25: 3 | L25: 5 | M25: 9 | N25: 3 | O25: اعطاء المرئيات والانتقاد "البناء" للفريق ما بين فترة واخرى التشجيع والثناء على النجاحات اكثر من مرات اللوم على التقصير | P25: 2 | Q25: 6 | R25: 6 | S25: 3 | T25: زيادة التحفيز مشاركة الفريق في اتخاذ القرارات | U25: 5 | V25: 7 | W25: 7 | X25: 9 | Y25: لا | Z25: لا | AA25: أشعر بعض الاحيان أن حزم الإدارة العليا مع ابراهيم ينعكس على تعامله مع الفريق،، فينقل اللوم كما هو ويشاركنا المرئيات السلبية أو "التهزيء" كما هو | AB25: بمجرد الإرسال، سيتم اعتماد تقييمك حول مديرك. هل أنت متأكد؟ | AC25: TRUE | AF25: =AVERAGE(U25:X25,P25:S25,K25:N25,F25:I25) -> 5.6875
A26: ay1xvW | B26: y07ag6 | C26: 45522.591 | D26: وديان بحه | E26: إبراهيم القرعاوي | F26: 6 | G26: 6 | H26: 8 | I26: 7 | J26: - | K26: 5 | L26: 5 | M26: 7 | N26: 6 | O26: - حضور الإجتماعات المتفق عليها. - الرد على بيسكامب وغيره. - توضيح رأيه في المخرجات حتى وإن لم تعجبه. | P26: 5 | Q26: 6 | R26: 4 | S26: 2 | T26: - إعلام الفريق عند اتخاذ القرارات. - العمل بطريقة الفريق الواحد وليش بالأفراد. | U26: 4 | V26: 6 | W26: 7 | X26: 7 | Y26: - حضور الإجتماعات المتفق عليها. - الرد على بيسكامب وغيره. - توضيح رأيه في المخرجات حتى وإن لم تعجبه. | Z26: لا | AA26: لا تعلموه من أنا.. | AB26: بمجرد الإرسال، سيتم اعتماد تقييمك حول مديرك. هل أنت متأكد؟ | AC26: TRUE | AF26: =AVERAGE(U26:X26,P26:S26,K26:N26,F26:I26) -> 5.6875
A27: 4qYj8r | B27: qYNrLk | C27: 45522.598 | D27: شهد الفوزان | E27: إيمان أسعد | F27: 10 | G27: 8 | H27: 10 | I27: 9 | J27: لا يوجد | K27: 10 | L27: 9 | M27: 10 | N27: 10 | O27: لا يوجد | P27: 10 | Q27: 9 | R27: 10 | S27: 10 | T27: لا يوجد | U27: 8 | V27: 8 | W27: 9 | X27: 10 | Y27: أحيانًا أرغب بتلقي توجيهات أو نصائح تدعم تطوري في المجال خاصة وأنني عند انضمامي كنت جديدة على عالم النشرات، (وما زلت) فكنت أرغب بمعرفة ملاحظات مديرتي سواء سلبية أو إيجابية. | AB27: بمجرد الإرسال، سيتم اعتماد تقييمك حول مديرك. هل أنت متأكد؟ | AC27: TRUE | AF27: =AVERAGE(U27:X27,P27:S27,K27:N27,F27:I27) -> 9.375
A28: l5jLpo | B28: V9xK5E | C28: 45522.614 | D28: ديمه العامر | E28: البراء العوهلي | F28: 9 | G28: 10 | H28: 10 | I28: 10 | J28: لا يوجد الصراحة :) | K28: 10 | L28: 10 | M28: 10 | N28: 10 | O28: لا يوجد الصراحة :) | P28: 8 | Q28: 10 | R28: 10 | S28: 10 | T28: لا يوجد الصراحة :) | U28: 7 | V28: 7 | W28: 10 | X28: 10 | Y28: لا يوجد الصراحة :) | AB28: بمجرد الإرسال، سيتم اعتماد تقييمك حول مديرك. هل أنت متأكد؟ | AC28: TRUE | AF28: =AVERAGE(U28:X28,P28:S28,K28:N28,F28:I28) -> 9.4375
A29: xo7y65 | B29: V9xKyv | C29: 45522.62 | D29: عبدالقدوس الحاج حسين | E29: البراء العوهلي | F29: 10 | G29: 10 | H29: 10 | I29: 10 | J29: أكثر مدير واضح ويحدد الأولويات. | K29: 10 | L29: 10 | M29: 10 | N29: 9 | O29: أحب أنه يثق فيني، وكثير مهام أو قرارات موارد بشرية يتركها علي بدون ما يتدخل، وأحترم هذا الشي. | P29: 8 | Q29: 8 | R29: 8 | S29: 10 | T29: ممتاز في كل شي، التعليق الوحيد: كيف نوحد الفريقين. أشوف أنه كل فريق شغال لحاله. يمكن بعض اجتماعات الفريق لازم يديرها بنفسه. | U29: 7 | V29: 7 | W29: 8 | X29: 10 | Y29: شاركنا مرئيات أكثر عن أداءنا وتقييمنا. حلو نسمع منك. أكثر شخص أسلوبه رهيب في توصيل المرئيات، ف حلو نتعلم منك دائمًا ونتطور. وأكيد ولا مرة قصرت في مشاركة المرئيات إذا طلبتها منك، فيعطيك العافية. توزيعك للمهام والأولويات ووضع خطة، ساعدنا في رفع أداء وإنتاجية الفريق. فشكرًا | Z29: البراء أفضل إضافة للفريق، وأشوف مهم وجودك في كل فريق ولو لفترة محددة، تساعدهم في تطوير آلية العمل وتوزيع المهام والأولويات. التحويل اللي شفته في فريق ثقافة المنظومة، أثق أن البراء رح يفيد باقي الفُرق ويوحد طريقة العمل/التواصل/المهام في كامل المنظومة. | AB29: بمجرد الإرسال، سيتم اعتماد تقييمك حول مديرك. هل أنت متأكد؟ | AC29: TRUE | AF29: =AVERAGE(U29:X29,P29:S29,K29:N29,F29:I29) -> 9.0625
A30: BgYDrY | B30: x06AW9 | C30: 45522.623 | D30: تيسير قباني | E30: جميل عبدالأحد | F30: 9 | G30: 9 | H30: 9 | I30: 9 | J30: لا يوجد | K30: 9 | L30: 9 | M30: 9 | N30: 9 | O30: لا يوجد | P30: 8 | Q30: 9 | R30: 9 | S30: 9 | T30: لا يوجد | U30: 6 | V30: 7 | W30: 7 | X30: 9 | Y30: لكي اكون موضوعي انا ما صرلي مدة طويلة بالشركة واعتقد الصورة اكيد بتكون اوضح بعد السنة ولكن كنت بتمنى لو سمعت تعليقات اكتر عن شغلي ان كانت سلبية او ايجابية كانت ساهمت بتطويري | AB30: بمجرد الإرسال، سيتم اعتماد تقييمك حول مديرك. هل أنت متأكد؟ | AC30: TRUE | AF30: =AVERAGE(U30:X30,P30:S30,K30:N30,F30:I30) -> 8.5
A31: OgZJ08 | B31: Yoq20B | C31: 45522.627 | D31: مرام الضبيبان | E31: جميل عبدالأحد | F31: 8 | G31: 8 | H31: 9 | I31: 9 | J31: لا يوجد | K31: 9 | L31: 9 | M31: 9 | N31: 9 | O31: لا يوجد | P31: 9 | Q31: 9 | R31: 10 | S31: 10 | T31: فقط استمرّ لوضع الأولويات نصب عينيك ووجه الفريق نحوها | U31: 9 | V31: 9 | W31: 9 | X31: 9 | Y31: أبقى كما انت داعم ومحفز للفريق، وجود قائد داعم للفريق يحفز للإنتاجية والتقدم | Z31: ممتنه جدًا اني عملت تحت قيادة جميل عبدالأحد. أضاف لي الكثير وساعدني بتعلم الكثير واستكشاف الفرص المتاحة | AB31: بمجرد الإرسال، سيتم اعتماد تقييمك حول مديرك. هل أنت متأكد؟ | AC31: TRUE | AF31: =AVERAGE(U31:X31,P31:S31,K31:N31,F31:I31) -> 9
A32: PgNXKQ | B32: 61VqMA | C32: 45522.633 | D32: محمود أبوندى | E32: جميل عبدالأحد | F32: 6 | G32: 6 | H32: 6 | I32: 5 | J32: تواصل بشكل أفضل وبشكل مستمر مع فريقك واسمع منهم أكثر حول خططهم لتطوير علمهم وأداءهم. | K32: 7 | L32: 7 | M32: 7 | N32: 7 | O32: كن كريم مع فريقك في توضيح طبيعة المهام المفوضة لهم. | P32: 7 | Q32: 7 | R32: 7 | S32: 6 | T32: لا شيء :) | U32: 4 | V32: 4 | W32: 5 | X32: 5 | Y32: متابعة أعمال فريقك ومراجعة مهامهم وإعطاءهم مرئيات واقتراحات للتطوير. ليس على مستوى الإنجاز فقط. | Z32: كفو على جهدك الدائم، وتذكر أن بوسعك اكتشاف مهارات فريقك وامكانيتهم وتوجيهها بشكل أفضل، يضعك ويضعهم في المقدمة دائمًا. | AB32: بمجرد الإرسال، سيتم اعتماد تقييمك حول مديرك. هل أنت متأكد؟ | AC32: TRUE | AF32: =AVERAGE(U32:X32,P32:S32,K32:N32,F32:I32) -> 6
A33: opZ7rX | B33: N4OzOO | C33: 45522.634 | D33: صفا فكاك | E33: ديمه العامر | F33: 8 | G33: 8 | H33: 9 | I33: 8 | J33: أحيانا يكون في عدم وضوح وتغيير في الأولويات بين الحين والأخر. الأفضل معرفة أولوية المهام لتحديد مسار واضح. | K33: 9 | L33: 9 | M33: 9 | N33: 7 | O33: طريقة العمل ممتازة والحمدلله في ثقة كبيرة. | P33: 8 | Q33: 9 | R33: 9 | S33: 9 | T33: ديمة متعاونة جدا في التحفيز والقيادة ودايما تشجعني على المبادرة أكثر. | U33: 8 | V33: 8 | W33: 9 | X33: 9 | Y33: ديمة أكثر شخص يدعم التفكير الابداعي ولكن أحيانا هي تركز في نقطة الابداع فيني وأنا اعرف انها مو من نقاط القوة عندي وذكرت لها النقطة هذي. ولكن هي تحاول دايما نشوف مجال للتطوير وأشكرها على الشي هذا. | Z33: شكرا للثقة والدعم الدائم. | AA33: انسانة متمكنة ومحفزة للاخرين ودائما متواجدة للمساعدة. | AB33: بمجرد الإرسال، سيتم اعتماد تقييمك حول مديرك. هل أنت متأكد؟ | AC33: TRUE | AF33: =AVERAGE(U33:X33,P33:S33,K33:N33,F33:I33) -> 8.5
A34: ay1jNq | B34: A6QZdD | C34: 45522.643 | D34: خالد العبدالواحد | E34: رامي هاشم | F34: 8 | G34: 8 | H34: 8 | I34: 8 | J34: واضح أحيانًا ويصعب فهمه في أوقات أخرى، ولكن يحاول يكون أوضح ليسهل عمله وعمل غيره. | K34: 8 | L34: 8 | M34: 9 | N34: 8 | O34: لا يوجد لدي ما أكتبه هنا. | P34: 8 | Q34: 8 | R34: 8 | S34: 8 | T34: لا يوجد ما أضيفه | U34: 8 | V34: 8 | W34: 8 | X34: 8 | Y34: لا يوجد | Z34: رامي أنت راجل رائع، لاتضغط نفسك كثير، حاول تجرب طرق جديدة للعمل بعيدًا عن الطرق اللي متعود عليها وقيمها بشكل عملي يريك مدى جودة تطبيقها، الوكالات والعمل معها شيء رائع ولكن لابد من آلية لضبط العلاقة معهم وأنا كلي ثقة بأنك قادر على ضبط هذه الآلية. | AB34: بمجرد الإرسال، سيتم اعتماد تقييمك حول مديرك. هل أنت متأكد؟ | AC34: TRUE | AF34: =AVERAGE(U34:X34,P34:S34,K34:N34,F34:I34) -> 8.0625
A35: ay1K09 | B35: V9x276 | C35: 45522.665 | D35: أميرة الطريسي | E35: رامي هاشم | F35: 10 | G35: 5 | H35: 4 | I35: 4 | J35: فيما يخص الأولويات عادةً يميل رامي للواقعية، حتى لو كان الامر لا يشبه ثمانية، فهو واقعي في البيع، وواقعي فالتنفيذ، يصب تركيزه بشكل كامل على الآن وما سيبني عائد له. | K35: 4 | L35: 4 | M35: 10 | N35: 6 | O35: كانت إدارة رامي لي قصيرة، لذلك من خلال تجربتي: أن يوكل المهام حسب الإحتياج الفعلي، لأفضل نتيجة، لا ما سيقلل عنه الحمل. | P35: 6 | Q35: 6 | R35: 3 | S35: 6 | T35: ناقش بهدوء أكثر. | U35: 10 | V35: 6 | W35: 7 | X35: 5 | Y35: لا. | Z35: خلطة ثمانية مختلفة، حاول فهمها أكثر، تجمع بين ما اعتدنا على عمله وما يجب أن نتعلمه خلال تجربتنا هنا. هي بالمنتصف، إنسانية و أصيلة بحته، لكن عملية وغير واقعية، تتطلب منا الجرأة، والخروج عن ما اعتدنا عليه عادة. | AA35: تجربتي مع رامي قصيرة جدًا، ولا أعتقد أن مكاني تقييمه الحقيقة. رامي رائع في توضيح المعلومة، وشرح ما يرغب في ايصاله لك كموكل لمهمة، لما أطلب منه مساعدة يعطيني ما أحتاج، فعلا. لكن في توكيل المهام لا أعتقد أنه يعطيك جناحات لتكبر انما يستخدم مهاراتك لتسهيل وصول نتائج يراها صائبة، وفي كثير من الاحيان يكون في هالاستخدام جهود مهدرة. وهذا نوع أخر من الادارة، لا اعتقد انه المطلوب تحت سقف ثمانية. | AB35: بمجرد الإرسال، سيتم اعتماد تقييمك حول مديرك. هل أنت متأكد؟ | AC35: TRUE | AF35: =AVERAGE(U35:X35,P35:S35,K35:N35,F35:I35) -> 6
A36: EgGNKq | B36: dZR5Ld | C36: 45522.683 | D36: زياد السرور | E36: رامي هاشم | F36: 3 | G36: 2 | H36: 4 | I36: 1 | J36: لا أذكر أن كان هنالك هدفًا واضحًا | K36: 10 | L36: 2 | M36: 6 | N36: 10 | O36: يصبّ الكم على المرؤوس. | P36: 5 | Q36: 2 | R36: 3 | S36: 6 | T36: لا. | U36: 5 | V36: 8 | W36: 5 | X36: 5 | Y36: متروكة على الفرد. | Z36: شكرًا. | AA36: شكراً. | AB36: بمجرد الإرسال، سيتم اعتماد تقييمك حول مديرك. هل أنت متأكد؟ | AC36: TRUE | AF36: =AVERAGE(U36:X36,P36:S36,K36:N36,F36:I36) -> 4.8125
A37: xo7lak | B37: dZR5Ld | C37: 45522.684 | D37: رزان سنبل | E37: ريان الدعفس | F37: 9 | G37: 9 | H37: 9 | I37: 9 | J37: أجد أسلوب ريان جداً واضح ومباشر 💯 | K37: 9 | L37: 9 | M37: 9 | N37: 9 | O37: سهولة التواصل وسرعة الاستجابة مع ريان تسهل كل النقاط السابقة 💯 | P37: 9 | Q37: 9 | R37: 9 | S37: 9 | T37: أعتقد نقطة غير التي ذكرت. هو أوقات تطول الاجتماعات أكثر من المطلوب أو تحيد النقاشات عن هدفها الأساس فأعتقد بشكل عام أجد في إدارة الاجتماعات فرصة للتحسين. وممكن يكون في ورش للتفكير مع الفريق لمناقشة جزء كثير من الأفكار اللي تقترح في الاجتماعات. | U37: 9 | V37: 9 | W37: 9 | X37: 9 | Y37: أعتقد نحتاج جلسة Retrospective أخرى بعد انتهاء آخر دورة للاشتراكات لتغطية آلية العمل «من مرحلة الكتابة للاختبارات». لكن بشكل عام أنا متطلعة لتجربة أي طريقة عمل وتحسينها سوياً | Z37: ريان الأفضل! استمر👍 | AA37: شكراً لكم | AB37: بمجرد الإرسال، سيتم اعتماد تقييمك حول مديرك. هل أنت متأكد؟ | AC37: TRUE | AF37: =AVERAGE(U37:X37,P37:S37,K37:N37,F37:I37) -> 9
A38: 1xYpbl | B38: 96rLWG | C38: 45522.686 | D38: محمد لمين مدُّور | E38: ريان الدعفس | F38: 10 | G38: 10 | H38: 9 | I38: 9 | J38: ريان ممتاز جدا في عدة جوانب، هو شخص مثابر و يحاول يكون ملم بكل شي في العمل مايفوته شيئ بحيث يوصل للقرارت المناسبة في الأوقات المناسبة، مع ذلك يحتاج إلى العمل أكثر على ضبط توقعات أصحاب المصلحة من الفريق و مساعدة أفراد الفريق أكثر في إدارة مهامهم بشكل فعال. | K38: 8 | L38: 10 | M38: 10 | N38: 8 | O38: طريقة عملك ممتازة و حماسك في الشغل يحفزنا كثيرا، يمكن تضاعف هذا التأثير بالعمل على فهم مشاعر كل فرد من الفريق بشكل أكبر. | P38: 8 | Q38: 10 | R38: 10 | S38: 10 | T38: دائما أؤكد على أن التأثير في معنويات الفريق أمر بالغ الأهمية لكل قائد، من الرائع أن يقوم كل منا بتطوير هذا الجانب. | U38: 8 | V38: 10 | W38: 10 | X38: 8 | Y38: شخص داعم بشكل مستمر في كل مراحل العمل، بحكم طبيعة العمل فيه شوية تقييد في ما يخص الأفكار الجديدة. أتفهم كل المؤثرات الأخرى لكن التفكير الابداعي جدا مهم في تطوير المنتجات. | Z38: شكرا لك على مجهوداتك الطيبة و أتمنى أن تجد تقييمي مفيدا | AB38: بمجرد الإرسال، سيتم اعتماد تقييمك حول مديرك. هل أنت متأكد؟ | AC38: TRUE | AF38: =AVERAGE(U38:X38,P38:S38,K38:N38,F38:I38) -> 9.25
A39: opZg8N | B39: v0gXLg | C39: 45522.735 | D39: مصطفى عبدالعزيز | E39: شهاب سمير | F39: 9 | G39: 10 | H39: 9 | I39: 10 | J39: - أرى أن حضرتك تمتلك قدرة رائعة على إدارة الأولويات ووضع أهداف طموحة | K39: 9 | L39: 10 | M39: 9 | N39: 10 | O39: - أرى أن حضرتك تمتلك قدرة رائعة على المساعدة في العمل اذا أحتجت | P39: 9 | Q39: 10 | R39: 9 | S39: 10 | T39: - أرى أن حضرتك تمتلك قدرة رائعة على إدارة الفريق وتعزيز معنوياتي | U39: 9 | V39: 9 | W39: 9 | X39: 9 | Y39: -على الرغم من أرى أن حضرتك تمتلك قدرة رائعة على على دعمي وتطويري، هل يمكن الشركة تستثمر في أخذ شهادة CMA. | AB39: بمجرد الإرسال، سيتم اعتماد تقييمك حول مديرك. هل أنت متأكد؟ | AC39: TRUE | AF39: =AVERAGE(U39:X39,P39:S39,K39:N39,F39:I39) -> 9.375
A40: DYoE5N | B40: ajkeRq | C40: 45522.774 | D40: احمد الشبلي | E40: شهاب سمير | F40: 10 | G40: 9 | H40: 10 | I40: 9 | J40: . | K40: 9 | L40: 9 | M40: 10 | N40: 10 | O40: . | P40: 10 | Q40: 10 | R40: 10 | S40: 9 | T40: . | U40: 8 | V40: 9 | W40: 9 | X40: 10 | Y40: . | Z40: . | AA40: . | AB40: بمجرد الإرسال، سيتم اعتماد تقييمك حول مديرك. هل أنت متأكد؟ | AC40: TRUE | AF40: =AVERAGE(U40:X40,P40:S40,K40:N40,F40:I40) -> 9.4375
A41: 9aYY45 | B41: N4EXbl | C41: 45522.8 | D41: شهاب سمير | E41: عبدالرحمن أبومالح | F41: 9 | G41: 9 | H41: 9 | I41: 8 | J41: في فترة العمل مع عبدالرحمن كان مفوض لي كل المهام باستقلالية كبيرة . | K41: 10 | L41: 9 | M41: 9 | N41: 10 | O41: كما ذكرت فإني كنت أعمل باستقلالية وتفويض كامل لإدارة مهام الإدارة المالية للشركة فكانت طريقة العمل على أحسن مايرام. | P41: 10 | Q41: 10 | R41: 9 | S41: 9 | T41: لا | U41: 8 | V41: 8 | W41: 8 | X41: 9 | Y41: لا | Z41: لا | AA41: لا | AB41: بمجرد الإرسال، سيتم اعتماد تقييمك حول مديرك. هل أنت متأكد؟ | AC41: TRUE | AF41: =AVERAGE(U41:X41,P41:S41,K41:N41,F41:I41) -> 9
A42: A0Ye2B | B42: EBAW0o | C42: 45522.832 | D42: أسيل باعبدالله | E42: عبدالرحمن أبومالح | F42: 7 | G42: 7 | H42: 10 | I42: 8 | J42: أظن أننا نحتاج لتحديد نقاط التركيز والأولويات لنا جميعًا، من فترة لأخرى. ما أظنها تقع على عاتق عبدالرحمن بالضرورة، لكنها أكيد على عاتق المكتب التنفيذي. فأحيانًا أشتغل على شيء، ويكون تعليق قسم آخر أن هذا مو ضروري، أو نحتاج منك شيء آخر. لو بقول: 1. تحديد مناطق تركيز لجهود الشركة، زي هل المتجر هذا وقته أو لا، لأنّه بيآخذ حيّز من التفكير والمال ... إلخ. 2. تحديد مستهدفات ربعية لكل قسم، أخذًا بالاعتبار مستهدفات الشركة الربعية. 3. مراقبة ومراجعة المستهدفات في التقارير، أسوّيها بالنية، لكن لو كانت بالإجبار على كل الأقسام، بتكون فعّالة. فيه شيء ممكن يفيد، بيساعدني جدًا أني أعرف أن عبدالرحمن عنده مشكلة في غياب مربع، ونحتاج برنامج حواري. مثل هذه السوالف تكون سوالف طارفة، لكن لو حدّدنا أنها أولوية قصوى، ممكن العمل عليها يكون جِدي أكثر. وأقترح، أن تُفتح المهام هذه في مجموعة ثمانية، فتكون طلبات المكتب التنفيذي لنا موجودة في مهام. حتى لو كانت أفكار عابرة، أو أفكار مبعثرة. وأحيانًا أنا ملقوفة وودّي أعرف وش أولويات الفرق الأخرى، مثل الموارد البشرية أو التقنية. | K42: 10 | L42: 10 | M42: 10 | N42: 8 | O42: أشعر أني فراشة تطير في ثمانية، كل شيء ممكن ومقبول وعادي ومتاح، لو كان صح ... وهذا أحلى شيء. | P42: 10 | Q42: 9 | R42: 10 | S42: 8 | T42: لو كل المدراء في القيادة كانوا عبدالرحمن، يا سلام. | U42: 7 | V42: 10 | W42: 8 | X42: 10 | Y42: ما أظن التطوير شغلة عبدالرحمن، خصوصًا مع التنفيذين. بس ممكن مساعدتهم في اقتناص فرص تقوّيهم، لكن مجددًا ما أحسها شغلته مئة بالمئة. أما عن الدعم، أشعر دائمًا أن عندي كل الدعم منّه. | Z42: "أخذ سيفك، وأخذ درعك، وأخذ رمحك، وأخذ شلفاك. تحيزم شعبك، وحدّد هدفك، ونذرًا تصيبه هذا كرسيك، وملكك، وذا تاجك، وذا مركاك. على ما دلّك المولى وسوى اللى تسويبه" 🤪🤪🤪 | AA42: لا. | AB42: بمجرد الإرسال، سيتم اعتماد تقييمك حول مديرك. هل أنت متأكد؟ | AC42: TRUE | AF42: =AVERAGE(U42:X42,P42:S42,K42:N42,F42:I42) -> 8.875
A43: bDMQvL | B43: 0bGOG9 | C43: 45522.837 | D43: علي بوصالح | E43: عبدالرحمن أبومالح | F43: 7 | G43: 9 | H43: 7 | I43: 10 | J43: إيضاح الخطط طويلة المدى، في أحيان كثيرة لا نعرف ماذا سنفعل في المستقبل البعيد، وهذا قد يجعلنا غير مستعدين من ناحية تقنية. | K43: 10 | L43: 10 | M43: 9 | N43: 10 | O43: طريقته عمله رائعة ويُمكّن ويفوّض بفعالية عالية. | P43: 10 | Q43: 5 | R43: 10 | S43: 9 | T43: قيادته رائع وممتازة، ولكن في أحيان كثيرة لا يعطي قرارات واضحة تُشرك جميع أعضاء الفريق. فأتفاجأ في بعض الأحيان أن هناك توجيه لفريق التسويق مختلف عن التوجيه الذي لدي. وهذا قد يؤدّي إلى تأخير التسليم أو تعارض في المُخرجات. | U43: 6 | V43: 9 | W43: 10 | X43: 10 | Y43: مديري داعم بشكل ممتاز من ناحية معنوية ومن ناحية إدارية ويهتم كثيرًا لتطوير الفريق داخليًا لدي. ولكن قلّما يوجهني بشكل واضح إن احتجت مساعدة إدارية. | Z43: عبدالرحمن مجتهد جدًّا في إدارته للفريق وهو مدير إبداعي بالدرجة الأولى. أعذره لأنه مشغول جدًّا على أكثر من جهة فلا يستطيع في بعض الأحيان إعطاء كل شيء وقته. | AB43: بمجرد الإرسال، سيتم اعتماد تقييمك حول مديرك. هل أنت متأكد؟ | AC43: TRUE | AF43: =AVERAGE(U43:X43,P43:S43,K43:N43,F43:I43) -> 8.8125
A44: epOMlE | B44: V9qM2l | C44: 45522.989 | D44: محمد بازيد | E44: عبدالرحمن أبومالح | F44: 6 | G44: 6 | H44: 8 | I44: 9 | J44: لا يوجد | K44: 10 | L44: 10 | M44: 9 | N44: 8 | O44: لا يوجد حاليا | P44: 10 | Q44: 8 | R44: 8 | S44: 9 | T44: لا يوجد حاليا | U44: 7 | V44: 6 | W44: 6 | X44: 8 | Y44: لا يوجد حاليا | AB44: بمجرد الإرسال، سيتم اعتماد تقييمك حول مديرك. هل أنت متأكد؟ | AC44: TRUE | AF44: =AVERAGE(U44:X44,P44:S44,K44:N44,F44:I44) -> 8
A45: PgQX6P | B45: EBA654 | C45: 45523.136 | D45: البراء العوهلي | E45: عبدالرحمن أبومالح | F45: 8 | G45: 8 | H45: 9 | I45: 6 | J45: - أتمنى الحصول على مرئيات أوضح حول أولوية بعض المشاريع. - أحب القائد الطموح وينعكس هذا في تحديات طموحة أحيانًا لكن في أحيان أخرى تصبح صعبة وغير واقعية. | K45: 9 | L45: 8 | M45: 9 | N45: 8 | O45: أشعر أن طريقة العمل بشكل عام رائعة، وهو من أفضل من عملت معهم. | P45: 6 | Q45: 8 | R45: 7 | S45: 7 | T45: أحيانًا تكون هناك حدية في الرأي أو القرارات وتختلط لدينا فلا نعلم هل الرأي شخصي أو رأي وقرار الرئيس. أشعر أنها ستساعد كثيرًا لو اتضح ذلك في السياق. | U45: 6 | V45: 7 | W45: 8 | X45: 9 | Y45: لم تتاح الفرصة لنا للحديث عن خطة تطوير شخصية ومهنية متوافقة مع العمل الحالي. | Z45: قائد رائع ومشروع مؤثر، وعسى الله أن ينفع بنا وبكم العالم أجمع. | AA45: لا يوجد | AB45: بمجرد الإرسال، سيتم اعتماد تقييمك حول مديرك. هل أنت متأكد؟ | AC45: TRUE | AF45: =AVERAGE(U45:X45,P45:S45,K45:N45,F45:I45) -> 7.6875
A46: Jgjex4 | B46: WeQg5L | C46: 45523.195 | D46: تركي القحطاني | E46: عبدالرحمن أبومالح | F46: 8 | G46: 7 | H46: 9 | I46: 10 | J46: أحيانًا أشعر بنعم جدًا، وأحيانًا لا. يعني في التقنية واضح أنه يعرف وين رايح التطبيق. المالية والاستديوهات ما يحرص عليهم. | K46: 6 | L46: 6 | M46: 10 | N46: 7 | O46: أحيانا يوضح المتوقع منك بشكل دقيق، أحيانا لا. وهذا يشكل لي تحدي في إنهاء المهمة. | P46: 7 | Q46: 9 | R46: 8 | S46: 10 | T46: الحقيقة أحب أشتغل معه لأنه طموح. وأنا أكره المدير اللي ما يهمه، نوصل القمر أو نوصل لآخر الشارع. | U46: 6 | V46: 6 | W46: 6 | X46: 6 | Y46: ما أحس أنتظر من أحد يفكر في دعمي أو تطويري. أشوفها عيب في حقي. أنت روح اشتغل على نفسك. | Z46: رايتك بيضاء حبيبنا، والمرئيات هي مرآه لنا، والصاحب أو المدير بلا تقصير، هو من قبيل المحال. هذا فقط للتطوير. | AA46: سلامتكم | AB46: بمجرد الإرسال، سيتم اعتماد تقييمك حول مديرك. هل أنت متأكد؟ | AC46: TRUE | AF46: =AVERAGE(U46:X46,P46:S46,K46:N46,F46:I46) -> 7.5625
A47: YgBx65 | B47: WeQg5L | C47: 45523.207 | D47: فيصل الغامدي | E47: عبدالرحمن أبومالح | F47: 7 | G47: 3 | H47: 8 | I47: 2 | J47: عبدالرحمن يركز كثير على «كيف» نعمل، أكثر من مستهدفات محددة، وهذا حسن. ولكن أحيانًا الكيف لا يكون واضح بالشكل الكافي. | K47: 8 | L47: 9 | M47: 9 | N47: 10 | O47: التفويض والتمكين سمة هامة، تحببني في العمل مع عبدالرحمن. وهو متاح متى ما طلبت. لكن أحيانًا أتمنى لو يكون معنا في ما نفعل، يشيل هم مستهدفاتنا، ويساعدنا على تحقيقها. | P47: 3 | Q47: 6 | R47: 4 | S47: 3 | T47: لا أرى أن التواصل مثالي بين الفريق التنفيذي. كثير من الأمور نتفاجأ بوجودها في قسم ما دون علم الأقسام الأخرى. هل هو خطأي أنني لا أعلم؟ ممكن. لكن ربما عبدالرحمن غير حريص على مشاركة معلومات أو ضبط التوجه العام. | U47: 2 | V47: 3 | W47: 2 | X47: 3 | Y47: أمنيتي أن يكون عبدالرحمن كأنه جزء من فريقي. يساعدني على تطوري، وعلى انسجام الفريق، وأدائه بأفضل شكل. غالبًا يأتي بمشكلة: "فلان يطلع خخخ" -- "فلان ما يعرف يشتغل". لكن يرى أنه دوري آتي بحلول. وهذا حق. لكن بيساعد كثير لو شاركني حلول من عنده، هو يرى الأداء من مكان مختلف، ويعلم ما يصلح لثمانية. | Z47: أتمنى أن تتحمل صراحتي. العمل معك ميزة، ونعمة، ممتن لها أبدًا. أنت قائد ملهم فعلًا، وعبقري في ما تفعل، وواعي بما لا تعرف. وهذا نادر. لكني طماع، مثل ما تعلمنا منك خخخ، وودي دائمًا بقربك، ومشاركتك صناعة القرار، وإلّا لن أكون قادر على النجاح في عملي. | AA47: لا تعطونه إنذار، بيتحسن إن شاء الله خخخ. | AB47: بمجرد الإرسال، سيتم اعتماد تقييمك حول مديرك. هل أنت متأكد؟ | AC47: TRUE | AF47: =AVERAGE(U47:X47,P47:S47,K47:N47,F47:I47) -> 5.125
A48: QX962G | B48: LEV82y | C48: 45523.366 | D48: يونس حسن | E48: عبدالقدوس الحاج حسين | F48: 9 | G48: 9 | H48: 9 | I48: 9 | J48: مجرد إقتراح، قد يساعد دخول مُديري في جميع مشاريع اللي أشتغل عليها في حصول على وضوح أكثر من ناحية مهامي ومنجزاتي. | K48: 9 | L48: 9 | M48: 9 | N48: 9 | O48: لا يوجد مرئيات. حتى الأن راضي بكل بصراحة بطريقة العمل مع مُديري. | P48: 9 | Q48: 9 | R48: 9 | S48: 9 | T48: حاليًا لا يوجد. | U48: 9 | V48: 9 | W48: 9 | X48: 9 | Y48: حاليًا لا يوجد مرئيات وأول سؤال ما جاوبته لأن حسيت بدري أعمل تقييم الآن. | Z48: لا يوجد للأمانة وإذا في شيء خبرته :) | AA48: يمكن تحسون إجاباتي كلها مجاملة لمديري لكن صدقًا الإجابات تعبر عن تجربتي الحالية. يمكن قعد أقارن مع تجربتي بسنة 2023، وقتها تواصلي مع مدرائي كان نادرًا جدًا وكانوا يتغيرون كل 3-4 أشهر. يعني تواصلي مع عبدالقدوس في الشهرين اللي فات كان أكثر من مدرائي السابقين في سنة كاملة. والهدف عندي صار أوضح الآن. | AB48: بمجرد الإرسال، سيتم اعتماد تقييمك حول مديرك. هل أنت متأكد؟ | AC48: TRUE | AF48: =AVERAGE(U48:X48,P48:S48,K48:N48,F48:I48) -> 9
A49: Lg4dkJ | B49: 2bZaE9 | C49: 45523.459 | D49: تغريد الحربي | E49: عبدالقدوس الحاج حسين | F49: 9 | G49: 9 | H49: 9 | I49: 9 | J49: عبدالقدوس رائع، من وقت دخولة أنا شخصيًا تطورت وأداء في العمل كذلك وكان فعلًا شخص فاهم ويقدر يساعدني أتطور ونساعد الموظفين كذلك. جدًا سعيدة أن عبدالقدوس فعلًا مديري وأعتقد دائمًا أشاركه كافة مرئياتي وملاحظاتي بشكل دوري. | K49: 10 | L49: 10 | M49: 10 | N49: 10 | O49: لا أشعر ما يميز عبدالقدوس أنه معطينا كافة الصلاحيات والمسؤوليات حتى أقوم بعملي بأفضل شكل. | P49: 10 | Q49: 10 | R49: 10 | S49: 10 | T49: عبدالقدوس رائع في إدارة الفريق وتعزيزهم والسؤال عنهم كل فترة. | U49: 9 | V49: 7 | W49: 9 | X49: 10 | Y49: ممكن فعلًا محتاجة أخصص وقت أتطور فيه أكثر في جوانب عديدة. | Z49: شكرًا عبدالقدوس، سنتين من العمل معك أخذتني لمكان مختلف. | AA49: شكرًا ✨ | AB49: بمجرد الإرسال، سيتم اعتماد تقييمك حول مديرك. هل أنت متأكد؟ | AC49: TRUE | AF49: =AVERAGE(U49:X49,P49:S49,K49:N49,F49:I49) -> 9.4375
A50: yG8xN4 | B50: V9dPga | C50: 45523.476 | D50: هياء الشقاوي | E50: عبدالقدوس الحاج حسين | F50: 10 | G50: 6 | H50: 10 | I50: 8 | J50: جيّد أن يكون هناك رؤية واضحة للأولويات وإصدارها للموظف. | K50: 9 | L50: 10 | M50: 10 | N50: 10 | O50: كلا | P50: 8 | Q50: 9 | R50: 8 | S50: 7 | T50: مديري رائع، يتحدث عن أخطائي بيني وبينه، ويدعمني في الخارج امام الجميع. لكن بعض الأحيان افتقد إلى التشجيع ومشورتي في إتخاذ القرارات، كي أتعلم أكثر. | U50: 6 | V50: 10 | W50: 9 | X50: 9 | Y50: مديري رهيب في محاولة تطويري، يشاركني المرئيات بستمرار مما رفع من إنتاجيتي واستمرار عملي بجد وجهد ومحاولة تطوير كل مشروع أعمل عليه يشاركني حتى أبسط التفاصيل، تغيير كلمة او رقم او حرف. ولكنني أفتقد بعض الأحيان الى الوقت المخصص لي في تطوير مهاراتي وأشعر بعض الأحيان بأنني وحدي في العمل. | Z50: أنت تستحق الإدراة ومدير رهيب يتمنى اي شخص أن يعمل معه. لأنك داعم، ومتعاون، ومبادر. أشعر بعض الأحيان بأنك بعيد، ولكن لا أضع اللوم عليك قد تكون إعتدت على طريقة عمل معينه وهذا تعليقي الوحيد فقط. شكرًا لك على إدارتك الرائعة وأتمنى لك الخير في كل الطرق 🫶 | AA50: لا | AB50: بمجرد الإرسال، سيتم اعتماد تقييمك حول مديرك. هل أنت متأكد؟ | AC50: TRUE | AF50: =AVERAGE(U50:X50,P50:S50,K50:N50,F50:I50) -> 8.6875
A51: MgjP8A | B51: v0pLdd | C51: 45523.542 | D51: ريان الدعفس | E51: علي بوصالح | F51: 9 | G51: 9 | H51: 9 | I51: 9 | J51: - | K51: 9 | L51: 9 | M51: 9 | N51: 9 | O51: - | P51: 9 | Q51: 9 | R51: 9 | S51: 9 | T51: - | U51: 9 | V51: 9 | W51: 9 | X51: 9 | Y51: - | AB51: بمجرد الإرسال، سيتم اعتماد تقييمك حول مديرك. هل أنت متأكد؟ | AC51: TRUE | AF51: =AVERAGE(U51:X51,P51:S51,K51:N51,F51:I51) -> 9
A52: 4qV24b | B52: x0o5Qy | C52: 45523.69 | D52: محمود فرح | E52: علي بوصالح | F52: 10 | G52: 10 | H52: 10 | I52: 10 | J52: لا، تمام التمام. | K52: 10 | L52: 10 | M52: 10 | N52: 10 | O52: كمان لا. | P52: 10 | Q52: 10 | R52: 10 | S52: 10 | T52: الصدق أنه رهيب. | U52: 8 | V52: 10 | W52: 10 | X52: 10 | Y52: مع كثرة الضغوطات عندنا أعتقد محتاجين نقلل عدد الأشياء اللي بنشتغل عليها وتقديم جودة أعلى فيها بحيث تصب في تطويرنا مهنيا وترفع جودة مميزات المنتجات لدينا بحيث ترفع نسبة التنافسية فيهم. | Z52: شكرًا لك على توفير بيئة ممتازة تجعل كل أحد يبادر بتحمل مسؤولية أي شيء يعمل عليه. | AA52: رهيب وأرهب مني :) | AB52: بمجرد الإرسال، سيتم اعتماد تقييمك حول مديرك. هل أنت متأكد؟ | AC52: TRUE | AF52: =AVERAGE(U52:X52,P52:S52,K52:N52,F52:I52) -> 9.875
A53: YgllBN | B53: DXyzXb | C53: 45523.837 | D53: رزان سنبل | E53: علي بوصالح | F53: 9 | G53: 10 | H53: 10 | I53: 10 | J53: واضح ومرن في وضع الخطط للفريق. | K53: 10 | L53: 10 | M53: 10 | N53: 10 | O53: سهولة التواصل وسرعة الاستجابة لدى علي سهلت كل النقاط السابقة الحمدلله | P53: 10 | Q53: 10 | R53: 10 | S53: 10 | T53: ممكن يحتاج مشاركة إنجازات الفريق أكثر لخارج التقنية. خصوصاً بنهاية الأسابيع اللي يكون فيها ضغط أكبر زي مايسووا الانتاج تقريباً. لأن الانجازات في التقنية صعب مرة قياسها خصوصاً للمطورين | U53: 9 | V53: 10 | W53: 10 | X53: 10 | Y53: ممكن يعزز التعاون أكثر مع المطورين pairing up بيصير في فرص لتطبيق أقكار بصور مختلفة خصوصاً في راديو | Z53: علي عقلية متفتحة ومتعطشة للتعلم دائماً والتحسين يسعدني العمل تحت قيادته | AA53: شكراً | AB53: بمجرد الإرسال، سيتم اعتماد تقييمك حول مديرك. هل أنت متأكد؟ | AC53: TRUE | AF53: =AVERAGE(U53:X53,P53:S53,K53:N53,F53:I53) -> 9.875
A54: opLjGM | B54: DXyzXb | C54: 45523.839 | D54: أروى المطرفي | E54: علي بوصالح | F54: 9 | G54: 10 | H54: 10 | I54: 10 | J54: الصدق كفييت و وفيت ، ونِعم القائد مرئية عامة : في بعض الاحيان تكون المعلومات واضحه لك من جميع النواحي ، فتشرح لنا المعلومه وكأننا نعرف جوانبها ايضاً | K54: 10 | L54: 10 | M54: 10 | N54: 10 | O54: لا يوجد | P54: 9 | Q54: 10 | R54: 10 | S54: 10 | T54: لا يوجد | U54: 10 | V54: 10 | W54: 10 | X54: 10 | Y54: لا يوجد | Z54: قدوة فعلاً | AA54: مدير رائع ، ودائماً يسعى لتطوير نفسه وآدائه بشكل ملحوظ🤍 | AB54: بمجرد الإرسال، سيتم اعتماد تقييمك حول مديرك. هل أنت متأكد؟ | AC54: TRUE | AF54: =AVERAGE(U54:X54,P54:S54,K54:N54,F54:I54) -> 9.875
A55: 69gx4P | B55: XRkbrV | C55: 45524.627 | D55: محمد مصطفى | E55: علي بوصالح | F55: 8 | G55: 8 | H55: 10 | I55: 8 | J55: لا ليس لدي | K55: 10 | L55: 10 | M55: 9 | N55: 8 | O55: لا ليس لدي | P55: 8 | Q55: 10 | R55: 10 | S55: 9 | T55: لا ليس لدي | U55: 7 | V55: 7 | W55: 9 | X55: 8 | Y55: لا ليس لدي | AB55: بمجرد الإرسال، سيتم اعتماد تقييمك حول مديرك. هل أنت متأكد؟ | AC55: TRUE | AF55: =AVERAGE(U55:X55,P55:S55,K55:N55,F55:I55) -> 8.6875
A56: MgBYop | B56: 0bze1j | C56: 45525.337 | D56: عمرو سلمان | E56: علي بوصالح | F56: 10 | G56: 6 | H56: 8 | I56: 9 | J56: التركيز على تحديد الأولويات | K56: 8 | L56: 8 | M56: 10 | N56: 8 | O56: المزيد من المرونة والتحفيز واعطاء الموظّف الاستقلالية والمساحة الكافية ليبدع ويؤدي مهامه | P56: 8 | Q56: 8 | R56: 6 | S56: 5 | T56: مشاركة الفريق في اتخاذ القرارات والمزيد من الايجابية | U56: 10 | V56: 10 | W56: 10 | X56: 10 | Y56: لا يوجد | AB56: بمجرد الإرسال، سيتم اعتماد تقييمك حول مديرك. هل أنت متأكد؟ | AC56: TRUE | AF56: =AVERAGE(U56:X56,P56:S56,K56:N56,F56:I56) -> 8.375
A57: OgvJWg | B57: ajXd5v | C57: 45525.345 | D57: يعرب مصطفى | E57: علي بوصالح | F57: 10 | G57: 4 | H57: 9 | I57: 8 | J57: في مرات اشعر بصعوبة في فهم ايش الأهم | K57: 8 | L57: 8 | M57: 9 | N57: 9 | O57: لا | P57: 5 | Q57: 7 | R57: 9 | S57: 10 | T57: لا | U57: 5 | V57: 7 | W57: 9 | X57: 8 | Y57: نو | Z57: - العمل ياخذه بجدية عالية، مثابر و مجتهد و حريص انه يوفي المطلوب منه و اكثر و هذا شيء ممتاز و ثمانية محظوظة فيه. أحيانا اشعر انك متفهم و تتفق مع النقاط اللي تكلمنا فيها و بعدين اتفاجأ بانفعال غير متوافق مع اللي تكلمنا فيه تماما، و هذا اللي يخليني ما افهمك في كثير من الأوقات | AB57: بمجرد الإرسال، سيتم اعتماد تقييمك حول مديرك. هل أنت متأكد؟ | AC57: TRUE | AF57: =AVERAGE(U57:X57,P57:S57,K57:N57,F57:I57) -> 7.8125
A58: NgGVy0 | B58: l0XkNN | C58: 45525.568 | D58: نواف العُمري | E58: عمرو سلمان | F58: 10 | G58: 10 | H58: 10 | I58: 9 | J58: لا يوجد | K58: 10 | L58: 8 | M58: 9 | N58: 9 | O58: لا | P58: 8 | Q58: 9 | R58: 9 | S58: 10 | T58: لا | U58: 8 | V58: 10 | W58: 10 | X58: 10 | Y58: لا | AB58: بمجرد الإرسال، سيتم اعتماد تقييمك حول مديرك. هل أنت متأكد؟ | AC58: TRUE | AF58: =AVERAGE(U58:X58,P58:S58,K58:N58,F58:I58) -> 9.3125
A59: rWydWl | B59: r09ZG2 | C59: 45526.548 | D59: محمد مصطفى | E59: عمرو سلمان | F59: 9 | G59: 10 | H59: 9 | I59: 9 | J59: لا ليس لدي | K59: 10 | L59: 10 | M59: 10 | N59: 10 | O59: لا ليس لدي | P59: 10 | Q59: 9 | R59: 9 | S59: 10 | T59: لا ليس لدي | U59: 8 | V59: 8 | W59: 10 | X59: 9 | Y59: لا ليس لدي | AB59: بمجرد الإرسال، سيتم اعتماد تقييمك حول مديرك. هل أنت متأكد؟ | AC59: TRUE | AF59: =AVERAGE(U59:X59,P59:S59,K59:N59,F59:I59) -> 9.375
A60: xBXVGG | B60: Ojx0KK | C60: 45526.713 | D60: محمد الطويل | E60: عمرو سلمان | F60: 9 | G60: 8 | H60: 8 | I60: 8 | J60: لا شيء | K60: 9 | L60: 8 | M60: 9 | N60: 8 | O60: لا شيء | P60: 9 | Q60: 9 | R60: 9 | S60: 9 | T60: لا شيء | U60: 8 | V60: 8 | W60: 8 | X60: 8 | AB60: بمجرد الإرسال، سيتم اعتماد تقييمك حول مديرك. هل أنت متأكد؟ | AC60: TRUE | AF60: =AVERAGE(U60:X60,P60:S60,K60:N60,F60:I60) -> 8.4375
A61: dVEKGV | B61: 2bG2Le | C61: 45527.595 | D61: هادى حفنى | E61: عمرو سلمان | F61: 8 | G61: 8 | H61: 6 | I61: 6 | J61: ارى ان بعض القرارات لا تصب فى مصلحة العمل والفريق بالعكس تقلل من الانتاجية مثل العرض المقدم فى نهاية كل دورة (Demo) أعتقد انه ليس من مسؤليات الفريق ولكن مسؤلية قائد الفريق أو product owner. فى بعض الاحيان تكون الأهداف غير واقعية وتحتاج وقت أكثر وأتفهم أن هذا بسبب ضغط من الإدارة لكن يجب على المدير مواجهة هذا. | K61: 10 | L61: 10 | M61: 10 | N61: 8 | O61: دائماً متواجد للمساعدة والمشورة | P61: 6 | Q61: 10 | R61: 7 | S61: 5 | T61: يحتاج الي مشاركة الفريق بشكل اكبر في اتخاذ القرارات خصوصا التي تخص طريقة العمل على مستوى الدورات | U61: 6 | V61: 6 | W61: 10 | X61: 10 | Y61: يجب وضع خطة واضحة لتساعدني عى التطور | AB61: بمجرد الإرسال، سيتم اعتماد تقييمك حول مديرك. هل أنت متأكد؟ | AC61: TRUE | AF61: =AVERAGE(U61:X61,P61:S61,K61:N61,F61:I61) -> 7.875
A62: QyejoX | B62: 2bWLLM | C62: 45528.524 | D62: خالد العبدالواحد | E62: فيصل الغامدي | F62: 8 | G62: 8 | H62: 7 | I62: 7 | J62: واضح جدًا و أولوياته مرتبة ومنظمة، لكن أسلوبه أحيانًا شديد شوي، وقراراته حازمة | K62: 8 | L62: 9 | M62: 10 | N62: 9 | O62: رائع ومرن ومنفتح للتطوير والتحسين | P62: 10 | Q62: 10 | R62: 10 | S62: 10 | T62: أرى أن يستمر فأبو إبراهيم قائد رهيب جدًا | U62: 8 | V62: 10 | W62: 9 | X62: 10 | Y62: واضح جدًا من حيث مايبحث عنه ويريده في كل عضو من أعضاء الفريق | Z62: استمر على ماتقوم به، ملهم، و عملي جدًا، شكرًا لك على دعمك وتحفيزك المستمر. | AA62: أفضل مدير في ثمانية هو فيصل الغامدي | AB62: بمجرد الإرسال، سيتم اعتماد تقييمك حول مديرك. هل أنت متأكد؟ | AC62: TRUE | AF62: =AVERAGE(U62:X62,P62:S62,K62:N62,F62:I62) -> 8.9375
A63: xBMo85 | B63: 2bWLLM | C63: 45528.539 | D63: عبدالله الغامدي | E63: فيصل الغامدي | F63: 9 | G63: 9 | H63: 9 | I63: 9 | J63: كل الأولويات واضحه. خصوصًا في بداية كل أسبوع، لكن تحتاج إلى ضبط خلال الأسبوع. | K63: 9 | L63: 9 | M63: 10 | N63: 10 | O63: في بعض الأحيان يحتاج الموظف إلى أكثر استقلالية، خصوصًا إذا عرف الموظف أولوياته. أشعر أن المساحة تعطي مسؤولية للفريق. | P63: 9 | Q63: 9 | R63: 10 | S63: 9 | T63: الاجتماع الأسبوعي رهيب، فستمر عليه. | U63: 10 | V63: 9 | W63: 9 | X63: 10 | Y63: دائمًا تشاركني المرئيات بشكل دوري، وهذا مايجعل العمل معك رائع. | Z63: يعطيك العافية على كل ماتقدمه لفريقك أو لثمانية. | AA63: مديري رهيب! 🦸🏻‍♂️ | AB63: بمجرد الإرسال، سيتم اعتماد تقييمك حول مديرك. هل أنت متأكد؟ | AC63: TRUE | AF63: =AVERAGE(U63:X63,P63:S63,K63:N63,F63:I63) -> 9.3125
A64: p9yQPy | B64: 2bWDlj | C64: 45528.638 | D64: أميرة الطريسي | E64: فيصل الغامدي | F64: 7 | G64: 10 | H64: 10 | I64: 9 | J64: مما رأيت خلال فترة تجربتي هنا عادةً ما ترتب أولوياتنا كفريق بناءً على قدرات كل شخص. وفيصل رائع في دعم الفريق وإعطاء فرص متكررة لكل شخص بناءً على قدراته، يُظهر وعيًا كبيرًا في إعطاء المساحة المناسبة لكل فرد. مع ذلك، أشعر أنه بحاجة لتطوير في جزء وضوح التوقعات. وكمثال على الشكل المثالي لإعطاء مهمة بالنسبة لي: مثال 1 : أطلب منك المهمة x - مع توضيح أن المهمة جديدة تمامًا، والتي لا يوجد لها مرجع سابق-. حتى لا يكون هناك جهود مهدرة لي كموظف-. أتوقع منك البحث من الصفر وأن تكوني المرجع الأساسي في تنفيذها وتوثيق تفاصيلها، خلال الوقت x. مثال 2 : أطلب منك المهمة x يوجد لها مراجع في النظام، هدفي أن نخرج بنتيجة x و x. خلال الوقت x. | K64: 10 | L64: 8 | M64: 10 | N64: 10 | O64: أتعارض مع بعض الآليات، لكني أرى أثراها على نفسي والفريق في بعض الأحيان الحقيقة، لذلك بالوقت الحالي، لا. | P64: 10 | Q64: 10 | R64: 10 | S64: 7 | T64: نعمل حاليا على تفعيل أكثر من آلية و أرى أننا ننجح في إيجاد آليات متزنة تناسب الفريق. | U64: 8 | V64: 10 | W64: 7 | X64: 9 | Y64: حاليا، لا. | Z64: أنتااااا كفوووو | AA64: أؤمن بقيادة و حدس فيصل كمدير، و أتعلم الحقيقة منه كثير، أشعر انه وضع في قالب معين طوال الفترة السابقة، أنما هو عملي جدًا، يحتاج تطوير في إيصال توقعاته فقط، واللي قاعد يعمل عليها الان بشكل مستمر، تطور كثيرا من أول يوم جيت حتى اليوم من هذي الناحية، شكرا على جهودكم، ممتنة لوجود قسم بهذي الشفافية | AB64: بمجرد الإرسال، سيتم اعتماد تقييمك حول مديرك. هل أنت متأكد؟ | AC64: TRUE | AF64: =AVERAGE(U64:X64,P64:S64,K64:N64,F64:I64) -> 9.0625
A65: ao5VX2 | B65: 2bWDlj | C65: 45528.66 | D65: زياد السرور | E65: فيصل الغامدي | F65: 5 | G65: 10 | H65: 9 | I65: 8 | J65: نحتاج نطوّر وضوح والأولويات والأهداف، وتكريس جهود الفريق جميعًا لنحوها. | K65: 6 | L65: 8 | M65: 10 | N65: 6 | O65: الشورى. | P65: 6 | Q65: 10 | R65: 7 | S65: 8 | T65: يُعجبني أسلوبه وأتعلم الكثير منه، وأقول نقلل المركزية قليلًا وأن يعطي فرص أكثر، بتوجيه أكثف، وصبر أكبر، وبال أطول. | U65: 7 | V65: 5 | W65: 10 | X65: 10 | Y65: يستمر... ويتطوّر، ليطوّر. | Z65: . | AA65: نشكركم على مبادراتكم. | AB65: بمجرد الإرسال، سيتم اعتماد تقييمك حول مديرك. هل أنت متأكد؟ | AC65: TRUE | AF65: =AVERAGE(U65:X65,P65:S65,K65:N65,F65:I65) -> 7.8125
A66: qeRQPk | B66: V9x276 | C66: 45529.558 | D66: شهاب سمير | E66: فيصل الغامدي | F66: 5 | G66: 6 | H66: 7 | I66: 7 | J66: جدًا مهم الثبات على الأولويات ، فأعتقد أن الفترة الأخيرة تتغير الأولويات كثيرًا بطريقة لا تمكننا من التركيز على مهام بعينها ، أو عدم تأدية المهام والتشتت كثيرًا . | K66: 7 | L66: 6 | M66: 9 | N66: 8 | O66: نحتاج لتنسيق طريقة العمل بشكل أكثر إستقلالية وأكثر سلاسة . | P66: 7 | Q66: 8 | R66: 7 | S66: 8 | T66: لا | U66: 7 | V66: 7 | W66: 7 | X66: 8 | Y66: لا | Z66: لا | AA66: لدي بعض الأمور التي أود مشاركتها ، ولكن ليس وقتها الآن . | AB66: بمجرد الإرسال، سيتم اعتماد تقييمك حول مديرك. هل أنت متأكد؟ | AC66: TRUE | AF66: =AVERAGE(U66:X66,P66:S66,K66:N66,F66:I66) -> 7.125
A67: VyzWN6 | B67: 5lJ7oM | C67: 45529.567 | D67: رامي هاشم | E67: فيصل الغامدي | F67: 8 | G67: 6 | H67: 6 | I67: 6 | J67: لا يوجد أي مشكلة في سرد المطلوب بوضوح لكن المشكلة أن أكثر الأوقات يكون الطلب من الأساس واضح لكن يصير يتغير مع الوقت وفي الاخر يصير اللوم ليش ما سوينا مثل ما اتفقنا، معناه نتفق على شي لكن على أرض الواقع يتوضح أن المطلوب شي تاني | K67: 6 | L67: 6 | M67: 6 | N67: 6 | O67: طريقة الكلام معي ومع الفريق طريقة غير إحترافية وأحيان قاسية لا تنفع الموظف وتزيد ضغط عليه بدل ما تساعده | P67: 6 | Q67: 8 | R67: 6 | S67: 6 | T67: ما أشوف قيادة الفريق تعني زيادة الضغط وإستعمل لغة التهديد مثل إذا ما بعت إلى أخر الشهر ناخذ قرار بالفصل أو تغير المسمى الوظيفي والراتب | U67: 6 | V67: 5 | W67: 6 | X67: 8 | Y67: شخصيا لم أرى أي مبادرة لتطويري من أي ناحية كانت، لكن بالعكس التأكيد على أني شخص غير كفوء ولا استحق المنصب أو المسمى الوظيفي دائماً عل البال ولغة التفشيل وكان هذا في تقييمي للفترة الماضية. | Z67: فهم نقاط القوة ونقاط الضعف والعمل على تطوير ومساعدة الموظف هو شي أساسي وسؤال الموظفة كيف ممكن أساعدك غير كافي لكن أخذ اجرائات جدية للمساعدة هو شي أساسي | AA67: خلال فترة عملي مع ثمانية من سنة إلى الأن لم أحس بأمان من مدري والواضح أن مديري ما كان عنده ائي مشكلة بتغيير المسمى الوظيفي وراتبي بدون أخد بعين الإعتبار الأسباب الواقعية لكن فقط نظرته الشخصية، لذلك أن الأن أخذ أدوية للأعصاب وقد أثر هذا على صحتي العقلية والجسدية | AB67: بمجرد الإرسال، سيتم اعتماد تقييمك حول مديرك. هل أنت متأكد؟ | AC67: TRUE | AF67: =AVERAGE(U67:X67,P67:S67,K67:N67,F67:I67) -> 6.3125
A68: Dy7RoR | B68: ZGM77A | C68: 45529.568 | D68: يوسف إبراهيم | E68: محمد الحسن | F68: 9 | G68: 9 | H68: 9 | I68: 9 | J68: من أكثر الناس من عملت معهم وضوحا وترتيبا للأولويات . | K68: 9 | L68: 8 | M68: 9 | N68: 9 | O68: لا مرئيات | P68: 9 | Q68: 9 | R68: 9 | S68: 9 | T68: لا مرئيات | U68: 9 | V68: 9 | W68: 9 | X68: 9 | Y68: لا مرئيات | AB68: بمجرد الإرسال، سيتم اعتماد تقييمك حول مديرك. هل أنت متأكد؟ | AC68: TRUE | AF68: =AVERAGE(U68:X68,P68:S68,K68:N68,F68:I68) -> 8.9375
A69: B5xROK | B69: z0kVLE | C69: 45529.586 | D69: رهام الزعيبي | E69: محمد بازيد | F69: 9 | G69: 9 | H69: 9 | I69: 4 | J69: يعطيه العافية أبو جوان، أتمنى لو أن يكون لدينا أهداف. ووضوح للقسم وأهداف الفريق على حِدى. البوصلة تحتاج أن تضبط ونعرف الوجهة. بأهداف طموحة للشقين. | K69: 9 | L69: 8 | M69: 9 | N69: 9 | O69: أبو جوان سلس ومرن في التعامل. ورائع تعامله دائمًا. | P69: 6 | Q69: 8 | R69: 7 | S69: 10 | T69: أتمنى أن يكون أقرب للفريق. | U69: 5 | V69: 7 | W69: 7 | X69: 10 | Y69: يعجبني كيف مرونة التعاطي مع الأفكار الجديدة، ويدعمها. لكن مثل ماذكرت أتمنى لو كان أقرب للفريق. | AA69: أعتقد التقييم بيصبح ظالم لأن التجربة كانت على فترة تأسيس. وفيها الكثير من العقبات لكن أكثر شيء لاحظته أثناء التقييم، أن المدير بعيد عن الفريق. فريق بازيد شخصين أنا وأنس وخالد. فما أعرف كيف بيصير سرّي. | AB69: بمجرد الإرسال، سيتم اعتماد تقييمك حول مديرك. هل أنت متأكد؟ | AC69: TRUE | AF69: =AVERAGE(U69:X69,P69:S69,K69:N69,F69:I69) -> 7.875
A70: rWo4yN | B70: RZAOjv | C70: 45529.587 | D70: محمد علاء | E70: محمد عطاالله | F70: 9 | G70: 9 | H70: 9 | I70: 9 | J70: ممتاز في الوضوح وتحديد الأولويات. دائمًا يحدد لنا الأولويات بوضوح ويضمن أننا نفهمها بشكل كامل. لا أرى حاجة للتطوير في هذا الجانب، فهو يدير الأمور بشكل مثالي. | K70: 9 | L70: 9 | M70: 9 | N70: 9 | O70: يدير العمل بطريقة رئعة. أسلوبه في تنظيم المهام وتوجيه الفريق فعال للغاية، ولا أرى حاجة للتطوير في هذا الجانب، فهو يدير الأمور بشكل مثالي. | P70: 9 | Q70: 9 | R70: 9 | S70: 9 | T70: قائد فريق مميز. أسلوبه في قيادة الفريق يعزز التعاون ويحفز الجميع لتحقيق أفضل النتائج. لا أرى حاجة للتطوير في هذا الجانب، فهو يدير الفريق بكفاءة واقتدار | U70: 9 | V70: 9 | W70: 9 | X70: 9 | Y70: مديري يقدم دعماً جيداً ويهتم بتطوير الفريق، ولكنني أرغب في أن يخصص المزيد من الوقت والجهد لدعمي في تطويري المهني والعملي، وتقديم النصائح التي تساعدني على النمو بشكل أكبر في مسيرتي المهنية. | Z70: لا يوجد شيء آخر في الوقت الحالي، شكراً. | AA70: لا يوجد شيء آخر أرغب في مشاركته بخصوص مديري في الوقت الحالي. شكراً. | AB70: بمجرد الإرسال، سيتم اعتماد تقييمك حول مديرك. هل أنت متأكد؟ | AC70: TRUE | AF70: =AVERAGE(U70:X70,P70:S70,K70:N70,F70:I70) -> 9
A71: ePRZBx | B71: QxG2GG | C71: 45529.646 | D71: إسماعيل شجر | E71: محمد عطاالله | F71: 10 | G71: 8 | H71: 10 | I71: 10 | J71: اعتقد ان الشيء الوحيد الذي يمكن ان يحسنه في الفريق هو تواريخ المهام و ترتيب ثقل المهام . كمثال كثيرا ما تكون المهام اكثر من الزمن المتاح الهم فمن الجيد ان نعيد التقييم اما بتقليل المهام او بزيادة الزمن | K71: 10 | L71: 10 | M71: 10 | N71: 10 | O71: لا تعليق فمديري دائما يعطي الاستقلالية و دائما ما يجعل كل فرد من الفريق كقائد مسؤول يدير مهامة و مهام زملائه | P71: 10 | Q71: 10 | R71: 10 | S71: 10 | T71: مديري دائمة يشجع التعاون في الفريق في اعتقادي اننا فريق منسجم جدا | U71: 5 | V71: 5 | W71: 7 | X71: 10 | Y71: نحتاج الي خطط واضحة للتطوير و نحتاج وقتا اكثر من خطط لكي نستطيع ان نطور من قدراتنا و مهاراتنا | Z71: جزيت عنا خيرا | AA71: ارجوا ان تقللوا الضغط علي مديرنا فدائما ما يكون في اجتماعات مستمرة مع عدد لانهائي من الاقسام. و هذا بالتاكيد يؤثر عليه و علينا | AB71: بمجرد الإرسال، سيتم اعتماد تقييمك حول مديرك. هل أنت متأكد؟ | AC71: TRUE | AF71: =AVERAGE(U71:X71,P71:S71,K71:N71,F71:I71) -> 9.0625
A72: ykYXGx | B72: eNb5yk | C72: 45529.667 | D72: رؤى بوصالح | E72: محمد عطاالله | F72: 10 | G72: 7 | H72: 10 | I72: 4 | J72: ملاحظة: نعم هناك أهداف واضحة لكل مشروع لكن لا يوجد توجه واضح وأهداف استراتيجية للقسم. مقترح التطوير: وضع أهداف للقسم ومشاركتها مع الفريق بوضوح. | K72: 10 | L72: 8 | M72: 10 | N72: 10 | O72: ملاحظة: شاركنا مديري من قبل خطوط عامة لعملية الـ refactoring وهذا ممتاز لكن لا يوجد لدينا معايير ثابتة وآلية عامة لتطوير جميع المشاريع. مقترح التطوير: تطوير آلية عمل أكثر احترافية بحيث يكون عند المطوّر دليل إرشادي للمعايير والممارسات المقترحة في كتابة الكود ومراجعته وطريقة التوثيق. أتصور هذا بيحسّن من جودة المخرجات ويسهّل عملية التواصل بين الفريق. --- ملاحظة: لدينا معلومات كثيرة مدونة في كل مشروع ولكنها ليست مرتبة كفاية بحيث تساعد المطوّر الجديد في البدء والمساهمة دون الحاجة لعقد اجتماع في كل مرة. مقترح التطوير: حثّ أعضاء الفريق على ترتيب الملفات وفق نهج معيّن. كذلك ممكن نكتب مستند يحتوي على معلومات المشروع الأساسية وجميع المراجع. أتصور هذا بيساعد في عملية الـ onboarding لمطوّر جديد أو حتّى لأعضاء الفريق. | P72: 10 | Q72: 10 | R72: 8 | S72: 10 | T72: ملاحظة: هناك قلة تواصل بين أعضاء القسم. مقترح التطوير: تعزيز جو مشاركة المعارف وتبادل الخبرات بين أعضاء القسم باستمرار. | U72: 3 | V72: 3 | W72: 5 | X72: 10 | Y72: ملاحظة: لم أحظى بفرصة تقييم من قبل وذلك يشكل لي صعوبة في قياس جودة أدائي وضبط التوقعات. مقترح التطوير: أتمنى يكون مديري مرشد لي حيث يسمع مني التحديات اللي أمر فيها كل فترة ويساعدني في تحقيق أهدافي. بيكون ممتاز لو نعقد اجتماع دوري للتواصل كل فترة. | AA72: أود التنويه بأن تقاطعاتي مع مديري قليلة جدًا وذلك يشكل لي تحدي في تقديم تقييم دقيق في الوقت الحالي. | AB72: بمجرد الإرسال، سيتم اعتماد تقييمك حول مديرك. هل أنت متأكد؟ | AC72: TRUE | AF72: =AVERAGE(U72:X72,P72:S72,K72:N72,F72:I72) -> 8
A73: 15VXVl | B73: EBpKk2 | C73: 45529.671 | D73: ريان بكيل | E73: محمد هاني | F73: 8 | G73: 10 | H73: 10 | I73: 6 | J73: شاركنا خطة الفترات القادمة كتابيًا، أو اعقد اجتماعات دورية حول هذا الموضوع. | K73: 9 | L73: 10 | M73: 10 | N73: 7 | O73: مش حاب طريقة اسناد المهام وكثرة المنشنز في البنق، اذا فيه مهمة راح أستلمها اسندها واكتب في المهمة، وكل ما كان الشيء هذا أبدر يكون أفضل مش بيوم تسليم المهمة. | P73: 10 | Q73: 10 | R73: 10 | S73: 10 | T73: لا يوجد تعليق | U73: 3 | V73: 5 | W73: 8 | X73: 9 | Y73: شاركنا ملاحظات لأعمالنا وأدوات تساعدنا بشكل دوري. ادوات ممكن انت تستخدمها بس ما نعرفها. | AB73: بمجرد الإرسال، سيتم اعتماد تقييمك حول مديرك. هل أنت متأكد؟ | AC73: TRUE | AF73: =AVERAGE(U73:X73,P73:S73,K73:N73,F73:I73) -> 8.4375
A74: j2PB6J | B74: 5lNxW6 | C74: 45529.743 | D74: مرام الضبيبان | E74: محمد هاني | F74: 8 | G74: 9 | H74: 9 | I74: 7 | J74: فقط احرص على توضيح التوقعات عند إسناد المهام الجديدة الغير اعتيادية | K74: 7 | L74: 8 | M74: 10 | N74: 8 | O74: لا يوجد | P74: 8 | Q74: 7 | R74: 8 | S74: 8 | T74: لا يوجد | U74: 8 | V74: 9 | W74: 8 | X74: 10 | Y74: لا يوجد | Z74: ممتنه لتواجدي تحت قيادة شخص بمثل خبرتك المهنية والاستفادة منها | AA74: اود توضيح ان عملي تحت قيادة محمد هاني لم يُكمل شهرًا حتى الآن، لذا كل ما كتبته هنا قابل للصواب والخطأ بحكم قُصر التجربة. استطيع القول انه انطباع أولي يساعدنا جميعًا في فهم طبيعة العمل مع بعضنا البعض والانسجام اكثر لنمط العمل المختلف | AB74: بمجرد الإرسال، سيتم اعتماد تقييمك حول مديرك. هل أنت متأكد؟ | AC74: TRUE | AF74: =AVERAGE(U74:X74,P74:S74,K74:N74,F74:I74) -> 8.25
A75: Wd5pYJ | B75: LE8QVG | C75: 45530.261 | D75: عبدالله مقيبل | E75: محمد هاني | F75: 7 | G75: 6 | H75: 7 | I75: 8 | J75: لا يوجد | K75: 8 | L75: 5 | M75: 9 | N75: 8 | O75: لا يوجد | P75: 7 | Q75: 7 | R75: 7 | S75: 7 | T75: لا يوجد | U75: 7 | V75: 7 | W75: 7 | X75: 8 | Y75: لا يوجد | AB75: بمجرد الإرسال، سيتم اعتماد تقييمك حول مديرك. هل أنت متأكد؟ | AC75: TRUE | AF75: =AVERAGE(U75:X75,P75:S75,K75:N75,F75:I75) -> 7.1875
A76: ePeoGe | B76: gQ2a2J | C76: 45530.326 | D76: محمد نور شمت | E76: محمد هاني | F76: 8 | G76: 7 | H76: 7 | I76: 7 | J76: سنتطرق اليها في التقيمات التالية باذن الله مع وضوح الخطط | K76: 7 | L76: 7 | M76: 7 | N76: 6 | O76: من الجيد الاخذ بالحسبان الجمعه والسبت عند اسناد المهام ،خاصة مهام الخميس بعد العصر مثلا ماينفع يكون تسليمها الاحد لو المهمة تاخد يومين ومب مستعجلة | P76: 7 | Q76: 8 | R76: 7 | S76: 6 | T76: الانفتاح اكثر نحو الفريق والتعاون كفريق وقائد وليس شي اخر | U76: 7 | V76: 7 | W76: 7 | X76: 7 | Y76: ليس بعد | AB76: بمجرد الإرسال، سيتم اعتماد تقييمك حول مديرك. هل أنت متأكد؟ | AC76: TRUE | AF76: =AVERAGE(U76:X76,P76:S76,K76:N76,F76:I76) -> 7
A77: Oy5yqp | B77: RZpMOJ | C77: 45530.347 | D77: محمد الفوزان | E77: مشاري الحمود | F77: 8 | G77: 8 | H77: 8 | I77: 8 | J77: ودي لو مثلًا قدرنا نتناقش اذا فيه شي يخص التغيير اننا نناقشه | K77: 8 | L77: 8 | M77: 8 | N77: 8 | O77: اشوف طريقة العمل مميزة وما عندي عليها إضافات | P77: 8 | Q77: 8 | R77: 8 | S77: 8 | T77: جميل تحفيزك وتعزيزك لعمل الموظف اللي تحتك، ودي نستمر كذا | U77: 8 | V77: 8 | W77: 8 | X77: 8 | Y77: الاستثمار بالوقت شي جميل وودي يكون بشكل مستمر بحيث نتشارك الأفكار مع بعض | AB77: بمجرد الإرسال، سيتم اعتماد تقييمك حول مديرك. هل أنت متأكد؟ | AC77: TRUE | AF77: =AVERAGE(U77:X77,P77:S77,K77:N77,F77:I77) -> 8
A78: j2yrY1 | B78: P2Ko8b | C78: 45530.616 | D78: فارس الفرزان | E78: مشاري الحمود | F78: 9 | G78: 9 | H78: 9 | I78: 9 | J78: واضح ومريح و واقعي في الأولويات. | K78: 9 | L78: 9 | M78: 9 | N78: 8 | O78: ممتاز وفعّال الحقيقة. | P78: 9 | Q78: 9 | R78: 9 | S78: 9 | T78: رائع مشاري. | U78: 10 | V78: 10 | W78: 9 | X78: 9 | Y78: الصدق أني ممتن له دايمًا، واجتماعاتنا لطالما كانت فعّالة. | AB78: بمجرد الإرسال، سيتم اعتماد تقييمك حول مديرك. هل أنت متأكد؟ | AC78: TRUE | AF78: =AVERAGE(U78:X78,P78:S78,K78:N78,F78:I78) -> 9.0625
A79: oQyNEX | B79: OjvRZa | C79: 45530.618 | D79: أحمد الحافي | E79: مشاري الحمود | F79: 9 | G79: 10 | H79: 8 | I79: 10 | J79: لو كان هناك اجتماعات مكررة توضح الاولويات باستمرار | K79: 10 | L79: 9 | M79: 9 | N79: 9 | O79: طريقة عمل جيدة وتماشى وتتفق مع تطلعات ثمانية | P79: 10 | Q79: 10 | R79: 9 | S79: 10 | T79: لا يوجد | U79: 8 | V79: 10 | W79: 9 | X79: 10 | Y79: لا يوجد | AB79: بمجرد الإرسال، سيتم اعتماد تقييمك حول مديرك. هل أنت متأكد؟ | AC79: TRUE | AF79: =AVERAGE(U79:X79,P79:S79,K79:N79,F79:I79) -> 9.375
A80: EYX7QX | B80: ajV76E | C80: 45530.629 | D80: شهد العتيق | E80: مشاري الحمود | F80: 8 | G80: 8 | H80: 10 | I80: 10 | J80: لا | K80: 10 | L80: 10 | M80: 10 | N80: 10 | O80: لا | P80: 10 | Q80: 10 | R80: 10 | S80: 10 | T80: لا | U80: 7 | V80: 8 | W80: 9 | X80: 9 | Y80: لا | AB80: بمجرد الإرسال، سيتم اعتماد تقييمك حول مديرك. هل أنت متأكد؟ | AC80: TRUE | AF80: =AVERAGE(U80:X80,P80:S80,K80:N80,F80:I80) -> 9.3125
A81: Vy02Oj | B81: RZEGAP | C81: 45530.663 | D81: عبدالقدوس الحاج حسين | E81: مشاري الحمود | F81: 8 | G81: 8 | H81: 8 | I81: 8 | J81: أحيانًا تتردد في اتخاذ القرار، أو تفكر كثير. كمدير تحتاج تتخذ قرارات سريعة وصائبة | K81: 8 | L81: 8 | M81: 8 | N81: 8 | O81: فوض أكثر. ثق فينا. عندك فريق كبير ومسؤوليات تزداد، وكثر منها يرجع لك. فوض لنا، نحن فريقك في النهاية ونساندك مهما احتجت. وأحيانًا تاخذ أيام للرد. فيه شغلات ترجعلك ونحتاج اعتماد أسرع عليها، أو تعطينا الراية نقرر. | P81: 8 | Q81: 8 | R81: 8 | S81: 8 | T81: مو كل شي شغل. عادي نجتمع كفريق برا في المقهى نتعرف على بعض. أو نشاط بيننا. أي شيء لتطوير علاقة الفريق. | U81: 8 | V81: 8 | W81: 8 | X81: 8 | Y81: كويس | Z81: أنت رهيب، لكن لسا جديد في الإدارة. حاول تطور نفسك وتقرأ أكثر عن القيادة. فيه شغلات بسيطة لكن بتأثر، مثلًا التفويض، التعاطف، مشاركة مرئيات بناءة ودورية، الوضوح، وضع خطة للفريق، إلخ. | AB81: بمجرد الإرسال، سيتم اعتماد تقييمك حول مديرك. هل أنت متأكد؟ | AC81: TRUE | AF81: =AVERAGE(U81:X81,P81:S81,K81:N81,F81:I81) -> 8
A82: gr5eLd | B82: r0zOvo | C82: 45530.697 | D82: ثمود بن محفوظ | E82: مشاري الحمود | F82: 9 | G82: 7 | H82: 8 | I82: 9 | J82: لا يوجد | K82: 9 | L82: 8 | M82: 9 | N82: 6 | O82: اجتماعات مصغرة مع فريق كل برنامج لتفهم الاحتياجات وحل المشاكل مبكرًا. | P82: 9 | Q82: 7 | R82: 7 | S82: 6 | T82: لا يوجد | U82: 5 | V82: 8 | W82: 6 | X82: 9 | Y82: لا يوجد | Z82: توظيف منتجين إضافيين ليساعد في تقليل الضغط والاسراع في انتاج البرامج. | AB82: بمجرد الإرسال، سيتم اعتماد تقييمك حول مديرك. هل أنت متأكد؟ | AC82: TRUE | AF82: =AVERAGE(U82:X82,P82:S82,K82:N82,F82:I82) -> 7.625
A83: 4d2xxA | B83: V920LM | C83: 45530.725 | D83: رولا عبدالرحمن | E83: مشاري الحمود | F83: 8 | G83: 6 | H83: 6 | I83: 7 | J83: اعتقد جزء مهم في وضوح المهام والأولويات هو معرفة المدير لمؤهلات الموظف السابقة وخبراته القديمة والتي كانت قبل توليه الإدارة وشؤون التوظيف مما ستساهم في إعطائه لمحة عن مؤهلات موظفينه وقدراتهم وتطلعاتهم عوضًا عن محاولة حصرهم في صورة ذهنيّة محددة ورسم خطة لتطويرهم في مهارة محددة قد تبدو متواجدة عندهم . فكرة التطوير المهني ووضعها بالحسبان والأهم معرفة ماذا يريد الموظف في العمل داخل ثمانية اجدها خطوة بالغة الأهميّة واتمنى أن تترجم لأفعال عوضًا عن الحديث بها فحسب . | K83: 6 | L83: 8 | M83: 8 | N83: 5 | O83: مسألة الذكاء العاطفي وتفهم مشاعر الفريق اعتقد انها مهمة جدًا وهي العامل المهم في جعل العمل أكثر انسيابيّة وأجد هذي المسألة مفقودة بعض الشيء في الحديث فيها والاستطراد فيها وتطويرها | P83: 7 | Q83: 8 | R83: 8 | S83: 6 | T83: مشاركة بعض التحديثات والتطلعات المستقبلية المرسومة للموظف مشاركة تغذيته الراجعة عن أعمال الفريق من وقت لآخر | U83: 7 | V83: 7 | W83: 8 | X83: 8 | Y83: اعتقد جزء كبير من بعض التواصلات أنها نابعة من عدم معرفة العمل المبذول الذي يقدمه الموظف في مساهمته ببعض الأعمال والمشاريع وكأن التركيز على المنتج النهائي فقط مما يجعل أن هناك عدم معرفة لما يعمل عليه الموظف وقدر الجهد الذي يعمل فيه تطوير اداء الفريق من خلال معرفة ماذا يزعجهم في جوانب متعلقة بنواحي العمل الاخرى ؛ كطرق التواصل، انخراط الموظف في فريق عمله، الضغط وتوزيع المهام، وغيرها مما يجعل الأعمال أكثر انسيابية | Z83: مشاري مدير ممتاز، ويطمح لتغير كل ما سبق من ضبابية في المحتوى والمهام إلى مواضع أكثر نضجًا وأكثر تطورًا وهذا الشيء واضح وجليّ جدًا، يشكر عليه كثيرًا وجدًا لكن بعد تجربة سنة أجد هناك بعض المواضع القابلة للتحسين ولجعل تجربة أي موظف أكثر جودة - معرفة الموظف وتطلعاته في العمل عن قرب والعمل بها بشكل فعليّ عوضًا عن الحديث عنها فقط - معرفة مؤهلات الموظف السابقة والحالية والجانبيّة ستساهم في تطوير الموظف أكثر عوضًا عن حصره في دائرة ضيقة مبنيّة من صورة ذهنيّة سابقة تحصر تطلعاته وطموحه . - تحسين جانب الاستماع للموظف بشكل أكثف أحيانًا تجد أن هناك حلقة مفقدوة في الاستطراد بالحديث وأن أي شيء تتحدث فيه هو شيء غير بالغ الأهمية، لكنه وفي حقيقة الأمر و داخل الموظف يعتبر ركيزة مهمة في عمله وشعوره داخل المؤسسة . وهذا الشيء دائمًا يولد شعور بوجود حاجز رفيع والتردد الدائم في التعبير عن بعض التحديات | AA83: قد يكون أمر متعلق بما قبل ادارة المدير الحالي وهو شيء بالدرجة الأولى يخص قطاع الموارد البشريّة لماذا لم يكن هناك وضوع كافي للمدير المباشر والتسلسل الوظيفي ما قبل مشاري ؟ لأن وقبل شهر ادركت انا المدير المباشر الذي كان بتصوري في العقد وفي تعميدات الإجازات لم يكن هو المدير المباشر ليّ حسب تعبير مشاري فهذه الضبابية ولدت على مدار نصف سنّة متواصلة حالة غير منتظمة في الشعور الوظيفي .. بل وانها انها كانت نقطة غير ممتازة في الشعور الوظيفي | AB83: بمجرد الإرسال، سيتم اعتماد تقييمك حول مديرك. هل أنت متأكد؟ | AC83: TRUE | AF83: =AVERAGE(U83:X83,P83:S83,K83:N83,F83:I83) -> 7.0625
A84: vbNWOA | B84: v0oJyX | C84: 45530.816 | D84: عبدالملك آل سعيد | E84: مشاري الحمود | F84: 7 | G84: 6 | H84: 7 | I84: 5 | J84: جلسة شهرية معي نناقش فيها اهدافي وادائي | K84: 8 | L84: 7 | M84: 7 | N84: 7 | O84: أعتقد بيكون محفّز للمبادرة ايضاح حدود الصلاحيات. إلى أي حد اقدر ابادر واسوي اشياء ودّي اسويها | P84: 7 | Q84: 7 | R84: 6 | S84: 5 | T84: بيفرق معي لو شاركني رايه على البرامج اللي اشتغل عليها بشكل دوري. الان ما اعرف رأيه صدقا | U84: 7 | V84: 7 | W84: 7 | X84: 8 | Y84: اعتقد يبي لنا نستثمر أكثر في تبادل المعرفة في كيف ننتج محتوى افضل بشكل عام. كل واحد عنده طريقته الخاصة وساكتين | AB84: بمجرد الإرسال، سيتم اعتماد تقييمك حول مديرك. هل أنت متأكد؟ | AC84: TRUE | AF84: =AVERAGE(U84:X84,P84:S84,K84:N84,F84:I84) -> 6.75
A85: ePEQxe | B85: 0bpo56 | C85: 45531.347 | D85: لينا عامر | E85: معاذ الحربي | F85: 10 | G85: 10 | H85: 10 | I85: 10 | J85: . | K85: 7 | L85: 7 | M85: 10 | N85: 10 | O85: . | P85: 10 | Q85: 8 | R85: 10 | S85: 10 | T85: . | U85: 8 | V85: 10 | W85: 10 | X85: 10 | Y85: مرئياتك في المهارات المهنية والعملية مهمة جدًا بقدر أهمية المرئيات الإبداعية. | Z85: شكرًا لأن العمل ممتع، وفيه مجال كبير ومساحة مريحة للنقاشات حول طريقة العمل والأفكار الإبداعية 🤹🏻 | AA85: بإنتظار تحديث دليل المستويات والمسميات الوظيفية في المكتب الإبداعي للصلاحيات والمسؤوليات، تتضح الرؤية بشكل أفضل من ناحية الاستقلالية ونطاق الصلاحيات داخل الفريق، شاكرة لكم احسانكم. | AB85: بمجرد الإرسال، سيتم اعتماد تقييمك حول مديرك. هل أنت متأكد؟ | AC85: TRUE | AF85: =AVERAGE(U85:X85,P85:S85,K85:N85,F85:I85) -> 9.375
A86: EYDKlr | B86: 96Ljb1 | C86: 45531.817 | D86: جمانة سكلوع | E86: معاذ الحربي | F86: 8 | G86: 10 | H86: 8 | I86: 7 | J86: حسن ترتيب اولويات المهام مطبق بشكل جيد جدًا، لكن الأهداف أحيانًا ما تكون واضحة ويكون العمل روتيني أكثر | K86: 9 | L86: 7 | M86: 10 | N86: 10 | O86: في مجال لللتطوير من ناحية تفويض الهام متنوعة ومختلفة حتى تساهم في مساعدة تطوير مهارات الفرد. | P86: 10 | Q86: 10 | R86: 10 | S86: 10 | T86: لا توجد مرئيات تطوير لهذه النقطة، فقط احث على الاستمرار في التعاون والتشاور بين الفريق | U86: 7 | V86: 6 | W86: 8 | X86: 8 | Y86: التشجيع والدعم مستمر بشكل جدًا رائع، لكن لو توجد مرئيات بناءة وواضحة، في حال استدعى ذلك، أن تكون مشاركته 1:1 بعد المهمة عن نقاط التطوير، بيساعد في رفع الأداء ويحسن منه للمهام القادمة | AB86: بمجرد الإرسال، سيتم اعتماد تقييمك حول مديرك. هل أنت متأكد؟ | AC86: TRUE | AF86: =AVERAGE(U86:X86,P86:S86,K86:N86,F86:I86) -> 8.625
